Umur (minggu),Perusahaan,Jenis,Konsumsi (g/hari),Konsumsi (g/minggu),Konsumsi/(BB^0.75) (g/minggu),Bobot badan (g),Bobot badan^0.75 (g),Konsumsi Kalsium/BB^0.75 (g/minggu),Konsumsi fosfor tersedia/BB^0.75 (g/minggu),Konsumsi fosfor/BB^0.75 (g/minggu)
1,Aviagen,Ranger premium,31.00,217.00,63.54,136.00,39.82,0.64,0.64,0.48
2,Aviagen,Ranger premium,40.00,280.00,67.56,295.00,71.18,0.68,0.30,0.51
3,Aviagen,Ranger premium,48.00,336.00,98.39,477.00,39.82,0.98,0.44,0.74
4,Aviagen,Ranger premium,50.00,350.00,84.45,681.00,71.18,0.84,0.38,0.63
5,Aviagen,Ranger premium,54.00,378.00,80.88,840.00,102.07,0.81,0.36,0.61
6,Aviagen,Ranger premium,62.00,434.00,84.96,953.00,133.31,0.76,0.38,0.59
7,Aviagen,Ranger premium,64.00,448.00,83.22,"1,067.00",156.03,0.75,0.37,0.58
8,Aviagen,Ranger premium,67.00,469.00,84.41,"1,180.00",171.52,0.76,0.38,0.59
9,Aviagen,Ranger premium,69.00,483.00,84.51,"1,294.00",186.69,0.76,0.38,0.59
10,Aviagen,Ranger premium,72.00,504.00,85.99,"1,407.00",201.33,0.77,0.39,0.60
11,Aviagen,Ranger premium,74.00,518.00,86.37,"1,521.00",215.75,0.78,0.39,0.60
12,Aviagen,Ranger premium,76.00,553.00,90.29,"1,634.00",229.73,0.81,0.41,0.63
13,Aviagen,Ranger premium,79.00,567.00,89.18,"1,771.00",257.00,0.80,0.40,0.62
14,Aviagen,Ranger premium,81.00,588.00,90.64,"2,043.00",273.00,0.82,0.41,0.63
15,Aviagen,Ranger premium,84.00,581.00,86.42,"2,179.00",303.88,0.78,0.39,0.60
16,Aviagen,Ranger premium,83.00,595.00,87.09,"2,361.00",318.93,1.05,0.37,0.51
17,Aviagen,Ranger premium,85.00,602.00,86.36,"2,542.00",338.71,1.04,0.36,0.50
18,Aviagen,Ranger premium,86.00,602.00,86.36,"2,724.00",338.71,1.04,0.36,0.50
19,Aviagen,Ranger premium,88.00,616.00,86.75,"2,904.00",358.00,1.04,0.36,0.50
20,Aviagen,Ranger premium,90.00,651.00,90.11,"3,087.00",377.06,1.08,0.38,0.52
21,Aviagen,Ranger premium,93.00,651.00,88.68,"3,178.00",395.59,1.06,0.37,0.51
22,Aviagen,Ranger premium,95.00,665.00,89.21,"3,269.00",414.15,1.07,0.37,0.52
23,Aviagen,Ranger premium,97.00,679.00,90.43,"3,450.00",423.27,1.09,0.38,0.52
24,Aviagen,Ranger premium,100.00,700.00,92.58,"3,541.00",432.33,2.78,0.32,0.60
25,Aviagen,Ranger premium,102.00,714.00,93.16,"3,632.00",450.16,2.79,0.33,0.61
26,Aviagen,Ranger premium,106.00,742.00,96.19,"3,723.00",459.03,2.89,0.34,0.63
27,Aviagen,Ranger premium,108.00,756.00,97.38,"3,814.00",467.85,2.92,0.34,0.63
28,Aviagen,Ranger premium,109.00,763.00,97.68,"3,882.00",476.62,2.93,0.34,0.63
29,Aviagen,Ranger premium,110.00,770.00,97.98,"3,905.00",485.33,2.94,0.34,0.64
30,Aviagen,Ranger premium,112.00,784.00,99.32,"3,928.00",491.80,2.98,0.35,0.65
31,Aviagen,Ranger premium,114.00,798.00,100.95,"3,951.00",493.99,3.03,0.35,0.66
32,Aviagen,Ranger premium,116.00,812.00,102.57,"3,974.00",496.17,3.08,0.36,0.67
33,Aviagen,Ranger premium,117.00,819.00,103.30,"3,997.00",498.35,3.10,0.36,0.67
34,Aviagen,Ranger premium,118.00,826.00,104.03,"4,020.00",500.52,3.12,0.36,0.68
35,Aviagen,Ranger premium,119.00,833.00,104.76,"4,043.00",502.69,3.14,0.37,0.68
1,Aviagen,Rowan 708,30.00,210.00,61.27,138.00,40.26,0.61,0.61,0.46
2,Aviagen,Rowan 708,40.00,280.00,68.15,285.00,69.36,0.68,0.31,0.51
3,Aviagen,Rowan 708,47.00,329.00,95.99,465.00,40.26,0.96,0.43,0.72
4,Aviagen,Rowan 708,50.00,350.00,85.18,663.00,69.36,0.85,0.38,0.64
5,Aviagen,Rowan 708,53.00,371.00,79.89,828.00,100.14,0.80,0.36,0.60
6,Aviagen,Rowan 708,57.00,399.00,78.63,989.00,130.66,0.71,0.35,0.55
7,Aviagen,Rowan 708,59.00,413.00,76.99,"1,132.00",154.36,0.69,0.35,0.54
8,Aviagen,Rowan 708,62.00,434.00,77.39,"1,265.00",176.36,0.70,0.35,0.54
9,Aviagen,Rowan 708,64.00,448.00,77.24,"1,389.00",195.16,0.70,0.35,0.54
10,Aviagen,Rowan 708,66.00,462.00,77.47,"1,508.00",212.11,0.70,0.35,0.54
11,Aviagen,Rowan 708,69.00,483.00,79.12,"1,628.00",227.52,0.71,0.36,0.55
12,Aviagen,Rowan 708,70.00,511.00,82.00,"1,748.00",241.99,0.74,0.37,0.57
13,Aviagen,Rowan 708,73.00,525.00,81.19,"1,867.00",270.34,0.73,0.37,0.57
14,Aviagen,Rowan 708,75.00,546.00,83.06,"2,106.00",284.03,0.75,0.37,0.58
15,Aviagen,Rowan 708,78.00,560.00,82.67,"2,235.00",310.88,0.74,0.37,0.58
16,Aviagen,Rowan 708,80.00,574.00,83.48,"2,369.00",325.06,1.00,0.35,0.48
17,Aviagen,Rowan 708,82.00,581.00,83.28,"2,507.00",339.57,1.00,0.35,0.48
18,Aviagen,Rowan 708,83.00,581.00,83.28,"2,650.00",339.57,1.00,0.35,0.48
19,Aviagen,Rowan 708,85.00,595.00,84.09,"2,792.00",354.30,1.01,0.35,0.49
20,Aviagen,Rowan 708,87.00,630.00,87.81,"2,939.00",369.35,1.05,0.37,0.51
21,Aviagen,Rowan 708,90.00,630.00,86.67,"3,078.00",384.09,1.04,0.36,0.50
22,Aviagen,Rowan 708,95.00,665.00,90.32,"3,211.00",399.16,1.08,0.38,0.52
23,Aviagen,Rowan 708,97.00,679.00,91.16,"3,340.00",413.24,1.09,0.38,0.53
24,Aviagen,Rowan 708,100.00,700.00,92.99,"3,450.00",426.56,2.79,0.33,0.60
25,Aviagen,Rowan 708,102.00,714.00,93.92,"3,551.00",439.35,2.82,0.33,0.61
26,Aviagen,Rowan 708,104.00,728.00,94.99,"3,638.00",450.16,2.85,0.33,0.62
27,Aviagen,Rowan 708,107.00,749.00,97.03,"3,708.00",460.01,2.91,0.34,0.63
28,Aviagen,Rowan 708,108.00,756.00,97.34,"3,767.00",468.43,2.92,0.34,0.63
29,Aviagen,Rowan 708,109.00,763.00,97.78,"3,806.00",475.18,2.93,0.34,0.64
30,Aviagen,Rowan 708,111.00,777.00,99.18,"3,827.00",480.84,2.98,0.35,0.64
31,Aviagen,Rowan 708,112.00,784.00,99.82,"3,847.00",484.56,2.99,0.35,0.65
32,Aviagen,Rowan 708,114.00,798.00,101.46,"3,867.00",486.57,3.04,0.36,0.66
33,Aviagen,Rowan 708,116.00,812.00,103.10,"3,887.00",488.47,3.09,0.36,0.67
34,Aviagen,Rowan 708,117.00,819.00,103.86,"3,907.00",490.38,3.12,0.36,0.68
35,Aviagen,Rowan 708,118.00,826.00,104.61,"3,927.00",492.28,3.14,0.37,0.68
1,Aviagen,Ranger classic,32.00,224.00,64.01,150.00,42.86,0.64,0.29,0.48
2,Aviagen,Ranger classic,42.00,294.00,70.07,310.00,73.88,0.70,0.32,0.53
3,Aviagen,Ranger classic,50.00,350.00,100.01,505.00,42.86,1.00,0.45,0.75
4,Aviagen,Ranger classic,52.00,364.00,86.75,720.00,73.88,0.87,0.39,0.65
5,Aviagen,Ranger classic,56.00,392.00,82.69,900.00,106.53,0.83,0.37,0.62
6,Aviagen,Ranger classic,64.00,448.00,86.49,"1,075.00",139.00,0.78,0.36,0.61
7,Aviagen,Ranger classic,67.00,469.00,85.63,"1,230.00",164.32,0.77,0.36,0.60
8,Aviagen,Ranger classic,70.00,490.00,85.57,"1,375.00",187.74,0.77,0.36,0.60
9,Aviagen,Ranger classic,72.00,504.00,85.10,"1,510.00",207.70,0.77,0.36,0.60
10,Aviagen,Ranger classic,75.00,525.00,86.22,"1,640.00",225.80,0.78,0.36,0.60
11,Aviagen,Ranger classic,77.00,539.00,86.47,"1,770.00",242.23,0.78,0.36,0.61
12,Aviagen,Ranger classic,79.00,574.00,90.20,"1,900.00",257.71,0.81,0.38,0.63
13,Aviagen,Ranger classic,82.00,588.00,89.06,"2,030.00",287.78,0.80,0.37,0.62
14,Aviagen,Ranger classic,84.00,616.00,91.77,"2,160.00",302.43,0.83,0.39,0.64
15,Aviagen,Ranger classic,88.00,602.00,88.30,"2,290.00",316.84,0.79,0.37,0.62
16,Aviagen,Ranger classic,86.00,616.00,89.05,"2,430.00",331.04,1.07,0.31,0.52
17,Aviagen,Ranger classic,88.00,630.00,89.73,"2,575.00",346.10,1.08,0.31,0.52
18,Aviagen,Ranger classic,90.00,630.00,89.73,"2,725.00",346.10,1.08,0.31,0.52
19,Aviagen,Ranger classic,92.00,644.00,90.40,"2,880.00",361.48,1.08,0.32,0.52
20,Aviagen,Ranger classic,94.00,679.00,93.98,"3,035.00",377.16,1.13,0.33,0.55
21,Aviagen,Ranger classic,97.00,679.00,92.69,"3,195.00",393.14,1.11,0.32,0.54
22,Aviagen,Ranger classic,99.00,693.00,93.37,"3,345.00",408.90,1.12,0.33,0.54
23,Aviagen,Ranger classic,101.00,707.00,94.04,"3,490.00",424.96,1.13,0.33,0.55
24,Aviagen,Ranger classic,104.00,728.00,95.73,"3,630.00",439.84,2.87,0.34,0.62
25,Aviagen,Ranger classic,106.00,742.00,96.54,"3,750.00",454.07,2.90,0.34,0.63
26,Aviagen,Ranger classic,109.00,763.00,98.30,"3,860.00",467.66,2.95,0.34,0.64
27,Aviagen,Ranger classic,111.00,777.00,99.29,"3,920.00",479.21,2.98,0.35,0.65
28,Aviagen,Ranger classic,112.00,784.00,99.46,"3,970.00",489.71,2.98,0.35,0.65
29,Aviagen,Ranger classic,113.00,791.00,99.97,"4,010.00",495.41,3.00,0.35,0.65
30,Aviagen,Ranger classic,115.00,805.00,101.41,"4,040.00",500.14,3.04,0.35,0.66
31,Aviagen,Ranger classic,117.00,819.00,102.92,"4,070.00",503.92,3.09,0.36,0.67
32,Aviagen,Ranger classic,118.00,826.00,103.61,"4,100.00",506.74,3.11,0.36,0.67
33,Aviagen,Ranger classic,120.00,840.00,105.17,"4,130.00",509.56,3.16,0.37,0.68
34,Aviagen,Ranger classic,121.00,847.00,105.85,"4,160.00",512.37,3.18,0.37,0.69
35,Aviagen,Ranger classic,122.00,854.00,106.53,"4,190.00",515.18,3.20,0.37,0.69
1,Aviagen,Rowan ranger,30.00,210.00,61.27,138.00,40.26,0.61,0.28,0.46
2,Aviagen,Rowan ranger,40.00,280.00,68.15,285.00,69.36,0.68,0.31,0.51
3,Aviagen,Rowan ranger,47.00,329.00,70.85,465.00,100.14,0.71,0.32,0.53
4,Aviagen,Rowan ranger,50.00,350.00,68.97,663.00,130.66,0.69,0.31,0.52
5,Aviagen,Rowan ranger,53.00,371.00,69.16,828.00,154.36,0.69,0.31,0.52
6,Aviagen,Rowan ranger,62.00,434.00,77.39,989.00,176.36,0.70,0.33,0.54
7,Aviagen,Rowan ranger,64.00,448.00,77.24,"1,132.00",195.16,0.70,0.32,0.54
8,Aviagen,Rowan ranger,67.00,469.00,78.64,"1,265.00",212.11,0.71,0.33,0.55
9,Aviagen,Rowan ranger,69.00,483.00,79.12,"1,389.00",227.52,0.71,0.33,0.55
10,Aviagen,Rowan ranger,71.00,497.00,79.75,"1,508.00",241.99,0.72,0.33,0.56
11,Aviagen,Rowan ranger,74.00,518.00,81.55,"1,628.00",256.30,0.73,0.34,0.57
12,Aviagen,Rowan ranger,76.00,546.00,84.44,"1,748.00",270.34,0.76,0.35,0.59
13,Aviagen,Rowan ranger,78.00,567.00,84.92,"1,867.00",297.61,0.76,0.36,0.59
14,Aviagen,Rowan ranger,81.00,588.00,86.80,"1,987.00",310.88,0.78,0.36,0.61
15,Aviagen,Rowan ranger,84.00,581.00,84.50,"2,106.00",325.06,0.76,0.35,0.59
16,Aviagen,Rowan ranger,83.00,595.00,85.29,"2,235.00",339.57,1.02,0.30,0.49
17,Aviagen,Rowan ranger,85.00,602.00,85.08,"2,369.00",354.30,1.02,0.30,0.49
18,Aviagen,Rowan ranger,86.00,602.00,85.08,"2,507.00",354.30,1.02,0.30,0.49
19,Aviagen,Rowan ranger,88.00,616.00,85.86,"2,650.00",369.35,1.03,0.30,0.50
20,Aviagen,Rowan ranger,90.00,651.00,89.56,"2,792.00",384.09,1.07,0.31,0.52
21,Aviagen,Rowan ranger,93.00,651.00,88.42,"2,939.00",399.16,1.06,0.31,0.51
22,Aviagen,Rowan ranger,95.00,665.00,89.28,"3,078.00",413.24,1.07,0.31,0.52
23,Aviagen,Rowan ranger,97.00,679.00,90.20,"3,211.00",426.56,1.08,0.32,0.52
24,Aviagen,Rowan ranger,100.00,700.00,92.08,"3,340.00",439.35,2.76,0.32,0.60
25,Aviagen,Rowan ranger,102.00,714.00,92.49,"3,551.00",460.01,2.77,0.32,0.60
26,Aviagen,Rowan ranger,104.00,728.00,93.74,"3,638.00",468.43,2.81,0.33,0.61
27,Aviagen,Rowan ranger,107.00,749.00,95.98,"3,708.00",475.18,2.88,0.34,0.62
28,Aviagen,Rowan ranger,108.00,756.00,96.50,"3,767.00",480.84,2.89,0.34,0.63
29,Aviagen,Rowan ranger,109.00,763.00,97.14,"3,806.00",484.56,2.91,0.34,0.63
30,Aviagen,Rowan ranger,111.00,777.00,98.79,"3,827.00",486.57,2.96,0.35,0.64
31,Aviagen,Rowan ranger,112.00,784.00,99.55,"3,847.00",488.47,2.99,0.35,0.65
32,Aviagen,Rowan ranger,114.00,798.00,101.20,"3,867.00",490.38,3.04,0.35,0.66
33,Aviagen,Rowan ranger,116.00,812.00,102.84,"3,887.00",492.28,3.09,0.36,0.67
34,Aviagen,Rowan ranger,117.00,819.00,103.59,"3,907.00",494.18,3.11,0.36,0.67
35,Aviagen,Rowan ranger,118.00,826.00,104.34,"3,927.00",496.07,3.13,0.37,0.68
1,Hendrix-genetics,Babcock brown,11,77,26.96,66.50,23.29,0.29,0.13,0.20
2,Hendrix-genetics,Babcock brown,17,119,34.75,137.50,40.15,0.37,0.17,0.26
3,Hendrix-genetics,Babcock brown,25,175,45.52,218.50,56.83,0.49,0.22,0.34
4,Hendrix-genetics,Babcock brown,32,224,53.51,307.00,73.34,0.54,0.22,0.37
5,Hendrix-genetics,Babcock brown,37,259,57.84,402.00,89.78,0.58,0.24,0.40
6,Hendrix-genetics,Babcock brown,42,294,62.10,502.50,106.13,0.62,0.26,0.43
7,Hendrix-genetics,Babcock brown,46,322,64.93,605.00,121.99,0.65,0.27,0.45
8,Hendrix-genetics,Babcock brown,50,350,67.82,709.50,137.47,0.68,0.28,0.47
9,Hendrix-genetics,Babcock brown,54,378,70.76,814.50,152.46,0.67,0.25,0.41
10,Hendrix-genetics,Babcock brown,58,406,73.76,918.00,166.78,0.70,0.27,0.43
11,Hendrix-genetics,Babcock brown,61,427,75.57,"1,019.50",180.42,0.72,0.27,0.44
12,Hendrix-genetics,Babcock brown,64,469,81.13,"1,117.00",193.21,0.77,0.29,0.47
13,Hendrix-genetics,Babcock brown,67,490,81.60,"1,211.50",216.56,0.78,0.29,0.47
14,Hendrix-genetics,Babcock brown,70,511,83.79,"1,300.50",226.85,0.80,0.30,0.49
15,Hendrix-genetics,Babcock brown,73,532,86.07,"1,383.50",236.13,0.82,0.31,0.50
16,Hendrix-genetics,Babcock brown,76,574,91.79,"1,459.50",244.58,0.87,0.33,0.53
17,Hendrix-genetics,Babcock brown,82,609,96.41,"1,529.50",252.03,1.98,0.40,0.63
18,Hendrix-genetics,Babcock brown,87,609,96.41,"1,592.00",252.03,1.98,0.40,0.63
19,Hendrix-genetics,Babcock brown,93,651,102.21,"1,646.00",258.42,2.10,0.43,0.66
20,Hendrix-genetics,Babcock brown,100,742,115.68,"1,693.00",263.93,2.37,0.49,0.75
21,Hendrix-genetics,Babcock brown,106,742,115.18,"1,722.00",267.32,2.36,0.48,0.75
22,Hendrix-genetics,Babcock brown,111,777,120.13,"1,750.00",270.57,2.46,0.50,0.78
23,Hendrix-genetics,Babcock brown,114,798,122.98,"1,773.00",273.23,2.52,0.52,0.80
24,Hendrix-genetics,Babcock brown,115,805,123.67,"1,795.00",275.77,2.54,0.52,0.80
25,Hendrix-genetics,Babcock brown,115,805,123.35,"1,814.00",277.96,2.53,0.52,0.80
26,Hendrix-genetics,Babcock brown,115,805,123.13,"1,827.00",279.45,2.52,0.52,0.80
27,Hendrix-genetics,Babcock brown,115,805,122.93,"1,839.00",280.83,2.52,0.52,0.80
28,Hendrix-genetics,Babcock brown,115,805,122.74,"1,850.00",282.08,2.52,0.52,0.80
29,Hendrix-genetics,Babcock brown,115,805,122.58,"1,860.00",283.23,2.51,0.51,0.80
30,Hendrix-genetics,Babcock brown,115,805,122.43,"1,869.00",284.25,2.51,0.51,0.80
31,Hendrix-genetics,Babcock brown,115,805,122.30,"1,877.00",285.17,2.51,0.51,0.79
32,Hendrix-genetics,Babcock brown,115,805,122.17,"1,885.00",286.08,2.50,0.51,0.79
33,Hendrix-genetics,Babcock brown,115,805,122.06,"1,892.00",286.87,2.50,0.51,0.79
34,Hendrix-genetics,Babcock brown,115,805,121.96,"1,898.00",287.56,2.50,0.51,0.79
35,Hendrix-genetics,Babcock brown,115,805,121.87,"1,904.00",288.24,2.50,0.51,0.79
1,Hendrix-genetics,Babcock white,7,49,17.16,66.50,23.29,0.18,0.08,0.13
2,Hendrix-genetics,Babcock white,14,98,28.91,132.00,38.94,0.31,0.14,0.22
3,Hendrix-genetics,Babcock white,21,147,38.99,202.00,53.58,0.42,0.19,0.29
4,Hendrix-genetics,Babcock white,27,189,46.33,277.00,67.90,0.46,0.19,0.32
5,Hendrix-genetics,Babcock white,32,224,51.60,355.00,81.78,0.52,0.22,0.36
6,Hendrix-genetics,Babcock white,37,259,56.71,435.00,95.25,0.57,0.24,0.40
7,Hendrix-genetics,Babcock white,42,294,61.63,518.00,108.58,0.62,0.26,0.43
8,Hendrix-genetics,Babcock white,46,322,65.01,602.00,121.53,0.65,0.27,0.46
9,Hendrix-genetics,Babcock white,49,343,67.02,686.00,134.04,0.64,0.24,0.39
10,Hendrix-genetics,Babcock white,53,371,70.42,770.50,146.24,0.67,0.25,0.41
11,Hendrix-genetics,Babcock white,56,392,72.50,854.50,158.05,0.69,0.26,0.42
12,Hendrix-genetics,Babcock white,59,434,78.44,937.00,169.36,0.75,0.28,0.45
13,Hendrix-genetics,Babcock white,62,455,79.10,"1,017.50",190.35,0.75,0.28,0.46
14,Hendrix-genetics,Babcock white,65,476,81.40,"1,095.00",199.99,0.77,0.29,0.47
15,Hendrix-genetics,Babcock white,68,497,83.75,"1,169.50",208.96,0.80,0.30,0.49
16,Hendrix-genetics,Babcock white,71,518,86.18,"1,240.00",217.19,0.82,0.31,0.50
17,Hendrix-genetics,Babcock white,74,546,89.81,"1,305.50",224.69,1.84,0.38,0.58
18,Hendrix-genetics,Babcock white,78,546,89.81,"1,366.00",224.69,1.84,0.38,0.58
19,Hendrix-genetics,Babcock white,86,602,98.07,"1,420.00",231.32,2.01,0.41,0.64
20,Hendrix-genetics,Babcock white,92,693,111.96,"1,468.00",237.16,2.30,0.47,0.73
21,Hendrix-genetics,Babcock white,99,693,111.28,"1,504.00",241.51,2.28,0.47,0.72
22,Hendrix-genetics,Babcock white,105,735,117.29,"1,542.00",246.07,2.40,0.49,0.76
23,Hendrix-genetics,Babcock white,108,756,120.18,"1,566.00",248.94,2.46,0.50,0.78
24,Hendrix-genetics,Babcock white,110,770,122.13,"1,580.00",250.61,2.50,0.51,0.79
25,Hendrix-genetics,Babcock white,110,770,121.86,"1,594.00",252.27,2.50,0.51,0.79
26,Hendrix-genetics,Babcock white,111,777,122.72,"1,607.00",253.81,2.52,0.52,0.80
27,Hendrix-genetics,Babcock white,111,777,122.49,"1,619.00",255.23,2.51,0.51,0.80
28,Hendrix-genetics,Babcock white,111,777,122.27,"1,631.00",256.65,2.51,0.51,0.79
29,Hendrix-genetics,Babcock white,112,784,123.18,"1,641.00",257.83,2.53,0.52,0.80
30,Hendrix-genetics,Babcock white,112,784,122.99,"1,651.00",259.01,2.52,0.52,0.80
31,Hendrix-genetics,Babcock white,112,784,122.83,"1,660.00",260.06,2.52,0.52,0.80
32,Hendrix-genetics,Babcock white,112,784,122.68,"1,668.00",261.00,2.51,0.52,0.80
33,Hendrix-genetics,Babcock white,113,791,123.63,"1,676.00",261.94,2.53,0.52,0.80
34,Hendrix-genetics,Babcock white,113,791,123.50,"1,683.00",262.76,2.53,0.52,0.80
35,Hendrix-genetics,Babcock white,113,791,123.37,"1,690.00",263.58,2.53,0.52,0.80
1,Hendrix-genetics,Bovans brown,11,77,27.07,65.50,23.02,0.29,0.13,0.20
2,Hendrix-genetics,Bovans brown,17,119,34.88,135.50,39.71,0.37,0.17,0.26
3,Hendrix-genetics,Bovans brown,25,175,45.65,216.00,56.34,0.49,0.22,0.34
4,Hendrix-genetics,Bovans brown,32,224,53.65,304.00,72.80,0.54,0.23,0.38
5,Hendrix-genetics,Bovans brown,37,259,57.99,398.00,89.11,0.58,0.24,0.41
6,Hendrix-genetics,Bovans brown,42,294,62.25,497.50,105.34,0.62,0.26,0.44
7,Hendrix-genetics,Bovans brown,46,322,65.09,599.00,121.08,0.65,0.27,0.46
8,Hendrix-genetics,Bovans brown,50,350,67.98,702.50,136.45,0.68,0.29,0.48
9,Hendrix-genetics,Bovans brown,54,378,70.94,806.00,151.27,0.67,0.26,0.41
10,Hendrix-genetics,Bovans brown,58,406,73.94,909.00,165.55,0.70,0.27,0.43
11,Hendrix-genetics,Bovans brown,61,427,75.76,"1,009.00",179.03,0.72,0.27,0.44
12,Hendrix-genetics,Bovans brown,64,469,81.32,"1,106.50",191.85,0.77,0.29,0.47
13,Hendrix-genetics,Bovans brown,67,490,81.81,"1,199.00",214.87,0.78,0.29,0.47
14,Hendrix-genetics,Bovans brown,70,511,84.00,"1,287.00",225.12,0.80,0.30,0.49
15,Hendrix-genetics,Bovans brown,73,532,86.29,"1,369.50",234.37,0.82,0.31,0.50
16,Hendrix-genetics,Bovans brown,76,567,90.90,"1,445.00",242.71,0.86,0.33,0.53
17,Hendrix-genetics,Bovans brown,81,609,96.66,"1,514.00",250.13,1.98,0.41,0.63
18,Hendrix-genetics,Bovans brown,87,609,96.66,"1,576.00",250.13,1.98,0.41,0.63
19,Hendrix-genetics,Bovans brown,93,651,102.46,"1,630.00",256.53,2.10,0.43,0.67
20,Hendrix-genetics,Bovans brown,100,742,115.97,"1,676.00",261.94,2.38,0.49,0.75
21,Hendrix-genetics,Bovans brown,106,742,115.34,"1,713.00",266.27,2.36,0.48,0.75
22,Hendrix-genetics,Bovans brown,110,770,119.05,"1,750.00",270.57,2.44,0.50,0.77
23,Hendrix-genetics,Bovans brown,113,791,122.00,"1,767.00",272.54,2.50,0.51,0.79
24,Hendrix-genetics,Bovans brown,114,798,122.82,"1,782.00",274.27,2.52,0.52,0.80
25,Hendrix-genetics,Bovans brown,114,798,122.58,"1,796.00",275.89,2.51,0.51,0.80
26,Hendrix-genetics,Bovans brown,114,798,122.36,"1,809.00",277.38,2.51,0.51,0.80
27,Hendrix-genetics,Bovans brown,114,798,122.16,"1,821.00",278.76,2.50,0.51,0.79
28,Hendrix-genetics,Bovans brown,114,798,121.99,"1,831.00",279.91,2.50,0.51,0.79
29,Hendrix-genetics,Bovans brown,114,798,121.83,"1,841.00",281.05,2.50,0.51,0.79
30,Hendrix-genetics,Bovans brown,114,798,121.68,"1,850.00",282.08,2.49,0.51,0.79
31,Hendrix-genetics,Bovans brown,115,805,122.61,"1,858.00",283.00,2.51,0.51,0.80
32,Hendrix-genetics,Bovans brown,115,805,122.48,"1,866.00",283.91,2.51,0.51,0.80
33,Hendrix-genetics,Bovans brown,115,805,122.37,"1,873.00",284.71,2.51,0.51,0.80
34,Hendrix-genetics,Bovans brown,115,805,122.27,"1,879.00",285.39,2.51,0.51,0.79
35,Hendrix-genetics,Bovans brown,115,805,122.17,"1,885.00",286.08,2.50,0.51,0.79
1,Hendrix-genetics,Bovans brown light,10,70,24.38,68.00,23.68,0.26,0.12,0.18
2,Hendrix-genetics,Bovans brown light,18,126,36.03,149.50,42.75,0.39,0.17,0.27
3,Hendrix-genetics,Bovans brown light,25,175,44.55,238.00,60.59,0.48,0.21,0.33
4,Hendrix-genetics,Bovans brown light,31,217,50.74,334.50,78.22,0.51,0.21,0.36
5,Hendrix-genetics,Bovans brown light,37,259,56.61,438.00,95.74,0.57,0.24,0.40
6,Hendrix-genetics,Bovans brown light,42,294,60.79,547.00,113.11,0.61,0.26,0.43
7,Hendrix-genetics,Bovans brown light,46,322,63.54,659.50,130.14,0.64,0.27,0.44
8,Hendrix-genetics,Bovans brown light,50,350,66.38,773.00,146.60,0.66,0.28,0.46
9,Hendrix-genetics,Bovans brown light,54,378,69.26,887.00,162.53,0.66,0.25,0.40
10,Hendrix-genetics,Bovans brown light,58,406,72.20,"1,000.00",177.83,0.69,0.26,0.42
11,Hendrix-genetics,Bovans brown light,61,427,73.97,"1,110.50",192.37,0.70,0.27,0.43
12,Hendrix-genetics,Bovans brown light,64,448,75.84,"1,217.50",206.11,0.72,0.27,0.44
13,Hendrix-genetics,Bovans brown light,67,469,76.45,"1,320.00",230.89,0.73,0.28,0.44
14,Hendrix-genetics,Bovans brown light,70,490,78.65,"1,416.50",241.81,0.75,0.28,0.46
15,Hendrix-genetics,Bovans brown light,73,511,80.92,"1,506.50",251.85,0.77,0.29,0.47
16,Hendrix-genetics,Bovans brown light,76,532,83.26,"1,590.50",260.83,0.79,0.30,0.48
17,Hendrix-genetics,Bovans brown light,79,553,85.70,"1,666.50",268.71,1.76,0.36,0.56
18,Hendrix-genetics,Bovans brown light,85,595,92.21,"1,734.00",268.71,1.89,0.39,0.60
19,Hendrix-genetics,Bovans brown light,94,658,101.10,"1,794.00",275.66,2.07,0.42,0.66
20,Hendrix-genetics,Bovans brown light,104,777,118.56,"1,845.00",281.51,2.43,0.50,0.77
21,Hendrix-genetics,Bovans brown light,111,777,117.89,"1,887.00",286.30,2.42,0.50,0.77
22,Hendrix-genetics,Bovans brown light,114,798,120.54,"1,921.00",290.17,2.47,0.51,0.78
23,Hendrix-genetics,Bovans brown light,115,805,121.20,"1,946.00",292.99,2.48,0.51,0.79
24,Hendrix-genetics,Bovans brown light,116,812,121.99,"1,963.00",294.91,2.50,0.51,0.79
25,Hendrix-genetics,Bovans brown light,116,812,121.77,"1,977.00",296.49,2.50,0.51,0.79
26,Hendrix-genetics,Bovans brown light,117,819,122.61,"1,991.00",298.06,2.51,0.51,0.80
27,Hendrix-genetics,Bovans brown light,118,826,123.45,"2,004.00",299.52,2.53,0.52,0.80
28,Hendrix-genetics,Bovans brown light,118,826,123.29,"2,015.00",300.75,2.53,0.52,0.80
29,Hendrix-genetics,Bovans brown light,119,833,124.16,"2,026.00",301.98,2.55,0.52,0.81
30,Hendrix-genetics,Bovans brown light,119,833,124.01,"2,036.00",303.10,2.54,0.52,0.81
31,Hendrix-genetics,Bovans brown light,120,840,124.91,"2,045.00",304.10,2.56,0.52,0.81
32,Hendrix-genetics,Bovans brown light,120,840,124.79,"2,053.00",304.99,2.56,0.52,0.81
33,Hendrix-genetics,Bovans brown light,120,840,124.67,"2,061.00",305.89,2.56,0.52,0.81
34,Hendrix-genetics,Bovans brown light,121,847,125.60,"2,068.00",306.66,2.57,0.53,0.82
35,Hendrix-genetics,Bovans brown light,121,847,125.51,"2,074.00",307.33,2.57,0.53,0.82
1,Hendrix-genetics,Bovans white,7,49,17.36,63.50,22.49,0.19,0.08,0.13
2,Hendrix-genetics,Bovans white,14,98,29.08,129.00,38.28,0.31,0.14,0.22
3,Hendrix-genetics,Bovans white,20,140,37.32,198.00,52.78,0.40,0.18,0.28
4,Hendrix-genetics,Bovans white,26,182,44.86,271.00,66.79,0.45,0.19,0.31
5,Hendrix-genetics,Bovans white,31,217,50.28,347.00,80.40,0.50,0.21,0.35
6,Hendrix-genetics,Bovans white,36,252,55.49,425.50,93.69,0.55,0.23,0.39
7,Hendrix-genetics,Bovans white,40,280,59.05,505.50,106.61,0.59,0.25,0.41
8,Hendrix-genetics,Bovans white,42,294,59.73,587.00,119.26,0.60,0.25,0.42
9,Hendrix-genetics,Bovans white,47,329,64.69,669.00,131.54,0.61,0.23,0.38
10,Hendrix-genetics,Bovans white,51,357,68.18,751.50,143.53,0.65,0.25,0.40
11,Hendrix-genetics,Bovans white,54,378,70.36,833.00,155.05,0.67,0.25,0.41
12,Hendrix-genetics,Bovans white,57,399,72.57,914.00,166.23,0.69,0.26,0.42
13,Hendrix-genetics,Bovans white,60,420,74.83,992.50,176.83,0.71,0.27,0.43
14,Hendrix-genetics,Bovans white,62,434,75.90,"1,069.00",186.95,0.72,0.27,0.44
15,Hendrix-genetics,Bovans white,65,455,78.26,"1,142.50",196.51,0.74,0.28,0.45
16,Hendrix-genetics,Bovans white,68,476,80.68,"1,211.50",205.35,0.77,0.29,0.47
17,Hendrix-genetics,Bovans white,71,497,83.16,"1,276.00",213.50,1.70,0.35,0.54
18,Hendrix-genetics,Bovans white,77,539,89.16,"1,335.50",220.92,1.83,0.37,0.58
19,Hendrix-genetics,Bovans white,82,574,94.04,"1,388.00",227.40,1.93,0.39,0.61
20,Hendrix-genetics,Bovans white,89,665,108.05,"1,435.00",233.15,2.21,0.45,0.70
21,Hendrix-genetics,Bovans white,95,665,107.34,"1,473.00",237.77,2.20,0.45,0.70
22,Hendrix-genetics,Bovans white,101,707,113.55,"1,503.00",241.39,2.33,0.48,0.74
23,Hendrix-genetics,Bovans white,104,728,116.61,"1,519.00",243.31,2.39,0.49,0.76
24,Hendrix-genetics,Bovans white,105,735,117.42,"1,535.00",245.23,2.41,0.49,0.76
25,Hendrix-genetics,Bovans white,106,742,118.26,"1,550.00",247.03,2.42,0.50,0.77
26,Hendrix-genetics,Bovans white,106,742,117.99,"1,564.00",248.70,2.42,0.50,0.77
27,Hendrix-genetics,Bovans white,107,749,118.86,"1,577.00",250.25,2.44,0.50,0.77
28,Hendrix-genetics,Bovans white,107,749,118.63,"1,589.00",251.68,2.43,0.50,0.77
29,Hendrix-genetics,Bovans white,107,749,118.41,"1,601.00",253.10,2.43,0.50,0.77
30,Hendrix-genetics,Bovans white,108,756,119.33,"1,611.00",254.29,2.45,0.50,0.78
31,Hendrix-genetics,Bovans white,108,756,119.16,"1,620.00",255.35,2.44,0.50,0.77
32,Hendrix-genetics,Bovans white,108,756,119.00,"1,629.00",256.41,2.44,0.50,0.77
33,Hendrix-genetics,Bovans white,108,756,118.85,"1,637.00",257.36,2.44,0.50,0.77
34,Hendrix-genetics,Bovans white,109,763,119.81,"1,645.00",258.30,2.46,0.50,0.78
35,Hendrix-genetics,Bovans white,109,763,119.68,"1,652.00",259.12,2.45,0.50,0.78
1,Hendrix-genetics,Dekalb brown,11,77,27.07,65.50,23.02,0.29,0.13,0.20
2,Hendrix-genetics,Dekalb brown,17,119,34.88,135.50,39.71,0.37,0.17,0.26
3,Hendrix-genetics,Dekalb brown,25,175,45.65,216.00,56.34,0.49,0.22,0.34
4,Hendrix-genetics,Dekalb brown,32,224,53.65,304.00,72.80,0.54,0.23,0.38
5,Hendrix-genetics,Dekalb brown,37,259,57.99,398.00,89.11,0.58,0.24,0.41
6,Hendrix-genetics,Dekalb brown,42,294,62.25,497.50,105.34,0.62,0.26,0.44
7,Hendrix-genetics,Dekalb brown,46,322,65.09,599.00,121.08,0.65,0.27,0.46
8,Hendrix-genetics,Dekalb brown,50,350,67.98,702.50,136.45,0.68,0.29,0.48
9,Hendrix-genetics,Dekalb brown,52,364,68.32,806.00,151.27,0.65,0.25,0.40
10,Hendrix-genetics,Dekalb brown,58,406,73.94,909.00,165.55,0.70,0.27,0.43
11,Hendrix-genetics,Dekalb brown,61,427,75.76,"1,009.00",179.03,0.72,0.27,0.44
12,Hendrix-genetics,Dekalb brown,64,448,77.68,"1,106.50",191.85,0.74,0.28,0.45
13,Hendrix-genetics,Dekalb brown,67,469,79.70,"1,199.00",203.76,0.76,0.29,0.46
14,Hendrix-genetics,Dekalb brown,70,490,81.81,"1,287.00",214.87,0.78,0.29,0.47
15,Hendrix-genetics,Dekalb brown,73,511,84.00,"1,369.50",225.12,0.80,0.30,0.49
16,Hendrix-genetics,Dekalb brown,76,532,86.29,"1,445.00",234.37,0.82,0.31,0.50
17,Hendrix-genetics,Dekalb brown,80,560,89.78,"1,514.00",242.71,1.84,0.38,0.58
18,Hendrix-genetics,Dekalb brown,86,602,95.54,"1,576.00",250.13,1.96,0.40,0.62
19,Hendrix-genetics,Dekalb brown,92,644,101.35,"1,630.00",256.53,2.08,0.43,0.66
20,Hendrix-genetics,Dekalb brown,98,735,114.84,"1,678.00",262.18,2.35,0.48,0.75
21,Hendrix-genetics,Dekalb brown,105,735,114.25,"1,713.00",266.27,2.34,0.48,0.74
22,Hendrix-genetics,Dekalb brown,109,763,117.97,"1,750.00",270.57,2.42,0.50,0.77
23,Hendrix-genetics,Dekalb brown,112,784,120.92,"1,767.00",272.54,2.48,0.51,0.79
24,Hendrix-genetics,Dekalb brown,112,784,120.67,"1,782.00",274.27,2.47,0.51,0.78
25,Hendrix-genetics,Dekalb brown,113,791,121.51,"1,796.00",275.89,2.49,0.51,0.79
26,Hendrix-genetics,Dekalb brown,113,791,121.29,"1,809.00",277.38,2.49,0.51,0.79
27,Hendrix-genetics,Dekalb brown,113,791,121.09,"1,821.00",278.76,2.48,0.51,0.79
28,Hendrix-genetics,Dekalb brown,113,791,120.92,"1,831.00",279.91,2.48,0.51,0.79
29,Hendrix-genetics,Dekalb brown,113,791,120.76,"1,841.00",281.05,2.48,0.51,0.78
30,Hendrix-genetics,Dekalb brown,113,791,120.61,"1,850.00",282.08,2.47,0.51,0.78
31,Hendrix-genetics,Dekalb brown,113,791,120.48,"1,858.00",283.00,2.47,0.51,0.78
32,Hendrix-genetics,Dekalb brown,113,791,120.35,"1,866.00",283.91,2.47,0.51,0.78
33,Hendrix-genetics,Dekalb brown,113,791,120.24,"1,873.00",284.71,2.46,0.50,0.78
34,Hendrix-genetics,Dekalb brown,113,791,120.14,"1,879.00",285.39,2.46,0.50,0.78
35,Hendrix-genetics,Dekalb brown,113,791,120.05,"1,885.00",286.08,2.46,0.50,0.78
1,Hendrix-genetics,Dekalb white,7,49,17.13,67.00,23.42,0.18,0.08,0.13
2,Hendrix-genetics,Dekalb white,14,98,29.11,128.50,38.17,0.31,0.14,0.22
3,Hendrix-genetics,Dekalb white,20,140,37.27,199.00,52.98,0.40,0.18,0.28
4,Hendrix-genetics,Dekalb white,26,182,44.77,273.00,67.16,0.45,0.19,0.31
5,Hendrix-genetics,Dekalb white,31,217,50.17,350.00,80.92,0.50,0.21,0.35
6,Hendrix-genetics,Dekalb white,36,252,55.36,429.50,94.35,0.55,0.23,0.39
7,Hendrix-genetics,Dekalb white,40,280,58.89,511.00,107.48,0.59,0.25,0.41
8,Hendrix-genetics,Dekalb white,42,294,59.55,594.00,120.32,0.60,0.25,0.42
9,Hendrix-genetics,Dekalb white,48,336,65.87,677.00,132.72,0.63,0.24,0.38
10,Hendrix-genetics,Dekalb white,51,357,67.99,760.00,144.75,0.65,0.24,0.39
11,Hendrix-genetics,Dekalb white,54,378,70.17,842.00,156.31,0.67,0.25,0.41
12,Hendrix-genetics,Dekalb white,57,399,72.39,923.00,167.46,0.69,0.26,0.42
13,Hendrix-genetics,Dekalb white,60,420,74.65,"1,002.00",178.09,0.71,0.27,0.43
14,Hendrix-genetics,Dekalb white,63,441,76.95,"1,079.00",188.26,0.73,0.28,0.45
15,Hendrix-genetics,Dekalb white,65,455,78.10,"1,152.00",197.74,0.74,0.28,0.45
16,Hendrix-genetics,Dekalb white,68,476,80.52,"1,221.50",206.62,0.76,0.29,0.47
17,Hendrix-genetics,Dekalb white,72,504,84.15,"1,287.00",214.87,1.73,0.35,0.55
18,Hendrix-genetics,Dekalb white,77,539,89.00,"1,345.50",222.16,1.82,0.37,0.58
19,Hendrix-genetics,Dekalb white,82,574,93.82,"1,401.00",229.00,1.92,0.39,0.61
20,Hendrix-genetics,Dekalb white,89,672,108.90,"1,450.00",234.98,2.23,0.46,0.71
21,Hendrix-genetics,Dekalb white,96,672,108.11,"1,493.00",240.18,2.22,0.45,0.70
22,Hendrix-genetics,Dekalb white,102,714,114.18,"1,529.00",244.52,2.34,0.48,0.74
23,Hendrix-genetics,Dekalb white,105,735,117.14,"1,550.00",247.03,2.40,0.49,0.76
24,Hendrix-genetics,Dekalb white,106,742,117.93,"1,567.00",249.06,2.42,0.50,0.77
25,Hendrix-genetics,Dekalb white,106,742,117.71,"1,579.00",250.49,2.41,0.49,0.77
26,Hendrix-genetics,Dekalb white,107,749,118.59,"1,591.00",251.91,2.43,0.50,0.77
27,Hendrix-genetics,Dekalb white,107,749,118.41,"1,601.00",253.10,2.43,0.50,0.77
28,Hendrix-genetics,Dekalb white,107,749,118.22,"1,611.00",254.29,2.42,0.50,0.77
29,Hendrix-genetics,Dekalb white,108,756,119.15,"1,621.00",255.47,2.44,0.50,0.77
30,Hendrix-genetics,Dekalb white,108,756,118.98,"1,630.00",256.53,2.44,0.50,0.77
31,Hendrix-genetics,Dekalb white,108,756,118.83,"1,638.00",257.48,2.44,0.50,0.77
32,Hendrix-genetics,Dekalb white,108,756,118.69,"1,646.00",258.42,2.43,0.50,0.77
33,Hendrix-genetics,Dekalb white,109,763,119.66,"1,653.00",259.24,2.45,0.50,0.78
34,Hendrix-genetics,Dekalb white,109,763,119.55,"1,659.00",259.95,2.45,0.50,0.78
35,Hendrix-genetics,Dekalb white,109,763,119.45,"1,665.00",260.65,2.45,0.50,0.78
1,Hendrix-genetics,Hisex brown,11,77,27.12,65.00,22.89,0.29,0.13,0.20
2,Hendrix-genetics,Hisex brown,17,119,34.88,135.50,39.71,0.37,0.17,0.26
3,Hendrix-genetics,Hisex brown,25,175,45.65,216.00,56.34,0.49,0.22,0.34
4,Hendrix-genetics,Hisex brown,32,224,53.65,304.00,72.80,0.54,0.23,0.38
5,Hendrix-genetics,Hisex brown,37,259,57.99,398.00,89.11,0.58,0.24,0.41
6,Hendrix-genetics,Hisex brown,42,294,62.25,497.50,105.34,0.62,0.26,0.44
7,Hendrix-genetics,Hisex brown,46,322,65.09,599.00,121.08,0.65,0.27,0.46
8,Hendrix-genetics,Hisex brown,50,350,67.98,702.50,136.45,0.68,0.29,0.48
9,Hendrix-genetics,Hisex brown,52,364,68.32,806.00,151.27,0.65,0.25,0.40
10,Hendrix-genetics,Hisex brown,58,406,73.94,909.00,165.55,0.70,0.27,0.43
11,Hendrix-genetics,Hisex brown,61,427,75.76,"1,009.00",179.03,0.72,0.27,0.44
12,Hendrix-genetics,Hisex brown,64,448,77.68,"1,106.50",191.85,0.74,0.28,0.45
13,Hendrix-genetics,Hisex brown,67,469,79.70,"1,199.00",203.76,0.76,0.29,0.46
14,Hendrix-genetics,Hisex brown,70,490,80.55,"1,369.50",225.12,0.77,0.29,0.47
15,Hendrix-genetics,Hisex brown,73,511,82.88,"1,445.00",234.37,0.79,0.30,0.48
16,Hendrix-genetics,Hisex brown,76,532,85.29,"1,514.00",242.71,0.81,0.31,0.49
17,Hendrix-genetics,Hisex brown,79,553,87.77,"1,576.00",250.13,1.80,0.37,0.57
18,Hendrix-genetics,Hisex brown,84,588,92.54,"1,630.00",256.53,1.90,0.39,0.60
19,Hendrix-genetics,Hisex brown,93,651,101.74,"1,676.00",261.94,2.09,0.43,0.66
20,Hendrix-genetics,Hisex brown,99,735,114.25,"1,713.00",266.27,2.34,0.48,0.74
21,Hendrix-genetics,Hisex brown,105,735,113.64,"1,750.00",270.57,2.33,0.48,0.74
22,Hendrix-genetics,Hisex brown,108,756,116.60,"1,767.00",272.54,2.39,0.49,0.76
23,Hendrix-genetics,Hisex brown,111,777,119.59,"1,782.00",274.27,2.45,0.50,0.78
24,Hendrix-genetics,Hisex brown,112,784,120.43,"1,796.00",275.89,2.47,0.51,0.78
25,Hendrix-genetics,Hisex brown,113,791,121.29,"1,809.00",277.38,2.49,0.51,0.79
26,Hendrix-genetics,Hisex brown,113,791,121.09,"1,821.00",278.76,2.48,0.51,0.79
27,Hendrix-genetics,Hisex brown,113,791,120.92,"1,831.00",279.91,2.48,0.51,0.79
28,Hendrix-genetics,Hisex brown,113,791,120.76,"1,841.00",281.05,2.48,0.51,0.78
29,Hendrix-genetics,Hisex brown,113,791,120.61,"1,850.00",282.08,2.47,0.51,0.78
30,Hendrix-genetics,Hisex brown,113,791,120.48,"1,858.00",283.00,2.47,0.51,0.78
31,Hendrix-genetics,Hisex brown,113,791,120.35,"1,866.00",283.91,2.47,0.51,0.78
32,Hendrix-genetics,Hisex brown,113,791,120.24,"1,873.00",284.71,2.46,0.50,0.78
33,Hendrix-genetics,Hisex brown,113,791,120.14,"1,879.00",285.39,2.46,0.50,0.78
34,Hendrix-genetics,Hisex brown,113,791,120.05,"1,885.00",286.08,2.46,0.50,0.78
35,Hendrix-genetics,Hisex brown,113,791,119.95,"1,891.00",286.76,2.46,0.50,0.78
1,Hendrix-genetics,Hisex white,7,49,17.36,63.50,22.49,0.19,0.08,0.13
2,Hendrix-genetics,Hisex white,13,91,27.00,129.00,38.28,0.29,0.13,0.20
3,Hendrix-genetics,Hisex white,20,140,37.32,198.00,52.78,0.40,0.18,0.28
4,Hendrix-genetics,Hisex white,25,175,43.33,266.00,65.87,0.43,0.18,0.30
5,Hendrix-genetics,Hisex white,31,217,50.28,347.00,80.40,0.50,0.21,0.35
6,Hendrix-genetics,Hisex white,35,245,53.94,425.50,93.69,0.54,0.23,0.38
7,Hendrix-genetics,Hisex white,40,280,59.05,505.50,106.61,0.59,0.25,0.41
8,Hendrix-genetics,Hisex white,44,308,62.57,587.00,119.26,0.63,0.26,0.44
9,Hendrix-genetics,Hisex white,47,329,64.69,669.00,131.54,0.61,0.23,0.38
10,Hendrix-genetics,Hisex white,50,350,66.85,751.50,143.53,0.64,0.24,0.39
11,Hendrix-genetics,Hisex white,53,371,69.06,833.00,155.05,0.66,0.25,0.40
12,Hendrix-genetics,Hisex white,56,392,71.29,914.00,166.23,0.68,0.26,0.41
13,Hendrix-genetics,Hisex white,59,413,73.57,993.00,176.89,0.70,0.26,0.43
14,Hendrix-genetics,Hisex white,62,434,75.90,"1,069.00",186.95,0.72,0.27,0.44
15,Hendrix-genetics,Hisex white,65,455,78.26,"1,142.50",196.51,0.74,0.28,0.45
16,Hendrix-genetics,Hisex white,68,476,80.68,"1,211.50",205.35,0.77,0.29,0.47
17,Hendrix-genetics,Hisex white,71,497,83.16,"1,276.00",213.50,1.70,0.35,0.54
18,Hendrix-genetics,Hisex white,76,532,88.00,"1,335.50",220.92,1.80,0.37,0.57
19,Hendrix-genetics,Hisex white,82,574,94.04,"1,388.00",227.40,1.93,0.39,0.61
20,Hendrix-genetics,Hisex white,89,665,108.06,"1,434.00",233.03,2.22,0.45,0.70
21,Hendrix-genetics,Hisex white,95,665,107.34,"1,473.00",237.77,2.20,0.45,0.70
22,Hendrix-genetics,Hisex white,100,700,112.42,"1,503.00",241.39,2.30,0.47,0.73
23,Hendrix-genetics,Hisex white,104,728,116.59,"1,520.00",243.43,2.39,0.49,0.76
24,Hendrix-genetics,Hisex white,105,735,117.41,"1,536.00",245.35,2.41,0.49,0.76
25,Hendrix-genetics,Hisex white,105,735,117.12,"1,551.00",247.15,2.40,0.49,0.76
26,Hendrix-genetics,Hisex white,106,742,117.97,"1,565.00",248.82,2.42,0.50,0.77
27,Hendrix-genetics,Hisex white,106,742,117.75,"1,577.00",250.25,2.41,0.49,0.77
28,Hendrix-genetics,Hisex white,106,742,117.52,"1,589.00",251.68,2.41,0.49,0.76
29,Hendrix-genetics,Hisex white,107,749,118.43,"1,600.00",252.98,2.43,0.50,0.77
30,Hendrix-genetics,Hisex white,107,749,118.24,"1,610.00",254.17,2.42,0.50,0.77
31,Hendrix-genetics,Hisex white,107,749,118.06,"1,620.00",255.35,2.42,0.50,0.77
32,Hendrix-genetics,Hisex white,107,749,117.90,"1,629.00",256.41,2.42,0.50,0.77
33,Hendrix-genetics,Hisex white,108,756,118.85,"1,637.00",257.36,2.44,0.50,0.77
34,Hendrix-genetics,Hisex white,108,756,118.73,"1,644.00",258.18,2.43,0.50,0.77
35,Hendrix-genetics,Hisex white,108,756,118.60,"1,651.00",259.01,2.43,0.50,0.77
1,Hendrix-genetics,Isa brown,11,77,27.07,65.50,23.02,0.29,0.13,0.20
2,Hendrix-genetics,Isa brown,17,119,34.88,135.50,39.71,0.37,0.17,0.26
3,Hendrix-genetics,Isa brown,25,175,45.65,216.00,56.34,0.49,0.22,0.34
4,Hendrix-genetics,Isa brown,32,224,53.65,304.00,72.80,0.54,0.23,0.38
5,Hendrix-genetics,Isa brown,37,259,57.99,398.00,89.11,0.58,0.24,0.41
6,Hendrix-genetics,Isa brown,42,294,62.25,497.50,105.34,0.62,0.26,0.44
7,Hendrix-genetics,Isa brown,46,322,65.09,599.00,121.08,0.65,0.27,0.46
8,Hendrix-genetics,Isa brown,50,350,67.98,702.50,136.45,0.68,0.29,0.48
9,Hendrix-genetics,Isa brown,54,378,70.94,806.00,151.27,0.67,0.26,0.41
10,Hendrix-genetics,Isa brown,58,406,73.94,909.00,165.55,0.70,0.27,0.43
11,Hendrix-genetics,Isa brown,61,427,75.76,"1,009.00",179.03,0.72,0.27,0.44
12,Hendrix-genetics,Isa brown,64,448,77.68,"1,106.50",191.85,0.74,0.28,0.45
13,Hendrix-genetics,Isa brown,67,469,79.70,"1,199.00",203.76,0.76,0.29,0.46
14,Hendrix-genetics,Isa brown,70,490,81.81,"1,287.00",214.87,0.78,0.29,0.47
15,Hendrix-genetics,Isa brown,73,511,84.00,"1,369.50",225.12,0.80,0.30,0.49
16,Hendrix-genetics,Isa brown,76,532,86.29,"1,445.00",234.37,0.82,0.31,0.50
17,Hendrix-genetics,Isa brown,79,553,88.65,"1,514.00",242.71,1.82,0.37,0.58
18,Hendrix-genetics,Isa brown,84,588,93.32,"1,576.00",250.13,1.91,0.39,0.61
19,Hendrix-genetics,Isa brown,89,623,98.05,"1,630.00",256.53,2.01,0.41,0.64
20,Hendrix-genetics,Isa brown,97,728,114.57,"1,630.00",256.53,2.35,0.48,0.74
21,Hendrix-genetics,Isa brown,104,728,113.78,"1,676.00",261.94,2.33,0.48,0.74
22,Hendrix-genetics,Isa brown,110,770,119.69,"1,713.00",266.27,2.45,0.50,0.78
23,Hendrix-genetics,Isa brown,112,784,121.22,"1,750.00",270.57,2.48,0.51,0.79
24,Hendrix-genetics,Isa brown,112,784,120.92,"1,767.00",272.54,2.48,0.51,0.79
25,Hendrix-genetics,Isa brown,112,784,120.67,"1,782.00",274.27,2.47,0.51,0.78
26,Hendrix-genetics,Isa brown,112,784,120.43,"1,796.00",275.89,2.47,0.51,0.78
27,Hendrix-genetics,Isa brown,112,784,120.21,"1,809.00",277.38,2.46,0.50,0.78
28,Hendrix-genetics,Isa brown,112,784,120.02,"1,821.00",278.76,2.46,0.50,0.78
29,Hendrix-genetics,Isa brown,112,784,119.85,"1,831.00",279.91,2.46,0.50,0.78
30,Hendrix-genetics,Isa brown,112,784,119.69,"1,841.00",281.05,2.45,0.50,0.78
31,Hendrix-genetics,Isa brown,112,784,119.54,"1,850.00",282.08,2.45,0.50,0.78
32,Hendrix-genetics,Isa brown,112,784,119.41,"1,858.00",283.00,2.45,0.50,0.78
33,Hendrix-genetics,Isa brown,112,784,119.29,"1,866.00",283.91,2.45,0.50,0.78
34,Hendrix-genetics,Isa brown,112,784,119.17,"1,873.00",284.71,2.44,0.50,0.77
35,Hendrix-genetics,Isa brown,112,784,119.09,"1,878.00",285.28,2.44,0.50,0.77
1,Hendrix-genetics,Isa white,7,49,17.22,65.50,23.02,0.19,0.08,0.13
2,Hendrix-genetics,Isa white,14,98,28.91,132.00,38.94,0.31,0.14,0.22
3,Hendrix-genetics,Isa white,21,147,38.94,203.00,53.78,0.42,0.19,0.29
4,Hendrix-genetics,Isa white,27,189,46.33,277.00,67.90,0.46,0.19,0.32
5,Hendrix-genetics,Isa white,32,224,51.60,355.00,81.78,0.52,0.22,0.36
6,Hendrix-genetics,Isa white,37,259,56.68,436.00,95.41,0.57,0.24,0.40
7,Hendrix-genetics,Isa white,42,294,61.63,518.00,108.58,0.62,0.26,0.43
8,Hendrix-genetics,Isa white,49,343,69.25,602.00,121.53,0.69,0.29,0.48
9,Hendrix-genetics,Isa white,53,371,72.49,686.00,134.04,0.69,0.26,0.42
10,Hendrix-genetics,Isa white,56,392,74.42,770.00,146.17,0.71,0.27,0.43
11,Hendrix-genetics,Isa white,59,413,76.41,853.50,157.91,0.73,0.28,0.44
12,Hendrix-genetics,Isa white,62,434,78.45,936.50,169.29,0.75,0.28,0.46
13,Hendrix-genetics,Isa white,65,455,80.58,"1,016.50",180.02,0.77,0.29,0.47
14,Hendrix-genetics,Isa white,68,476,82.76,"1,094.50",190.29,0.79,0.30,0.48
15,Hendrix-genetics,Isa white,71,497,85.00,"1,169.00",199.92,0.81,0.31,0.49
16,Hendrix-genetics,Isa white,74,518,87.29,"1,240.00",208.96,0.83,0.31,0.51
17,Hendrix-genetics,Isa white,78,546,90.82,"1,306.50",217.31,1.86,0.38,0.59
18,Hendrix-genetics,Isa white,85,595,97.84,"1,367.50",224.88,2.01,0.41,0.64
19,Hendrix-genetics,Isa white,93,651,105.99,"1,423.00",231.69,2.17,0.45,0.69
20,Hendrix-genetics,Isa white,99,728,117.53,"1,472.00",237.65,2.41,0.49,0.76
21,Hendrix-genetics,Isa white,104,728,116.71,"1,514.00",242.71,2.39,0.49,0.76
22,Hendrix-genetics,Isa white,108,756,120.53,"1,548.00",246.79,2.47,0.51,0.78
23,Hendrix-genetics,Isa white,110,770,122.36,"1,568.00",249.18,2.51,0.51,0.80
24,Hendrix-genetics,Isa white,110,770,122.00,"1,587.00",251.44,2.50,0.51,0.79
25,Hendrix-genetics,Isa white,111,777,122.85,"1,600.00",252.98,2.52,0.52,0.80
26,Hendrix-genetics,Isa white,111,777,122.63,"1,612.00",254.40,2.51,0.52,0.80
27,Hendrix-genetics,Isa white,111,777,122.42,"1,623.00",255.70,2.51,0.51,0.80
28,Hendrix-genetics,Isa white,112,784,123.33,"1,633.00",256.89,2.53,0.52,0.80
29,Hendrix-genetics,Isa white,112,784,123.14,"1,643.00",258.06,2.52,0.52,0.80
30,Hendrix-genetics,Isa white,112,784,122.97,"1,652.00",259.12,2.52,0.52,0.80
31,Hendrix-genetics,Isa white,113,791,123.90,"1,661.00",260.18,2.54,0.52,0.81
32,Hendrix-genetics,Isa white,113,791,123.75,"1,669.00",261.12,2.54,0.52,0.80
33,Hendrix-genetics,Isa white,113,791,123.63,"1,676.00",261.94,2.53,0.52,0.80
34,Hendrix-genetics,Isa white,113,791,123.50,"1,683.00",262.76,2.53,0.52,0.80
35,Hendrix-genetics,Isa white,113,791,123.39,"1,689.00",263.46,2.53,0.52,0.80
1,Hendrix-genetics,Shaver brown,11,77,27.12,65.00,22.89,0.29,0.13,0.20
2,Hendrix-genetics,Shaver brown,17,119,35.07,132.50,39.05,0.38,0.17,0.26
3,Hendrix-genetics,Shaver brown,25,175,45.97,210.00,55.17,0.49,0.22,0.34
4,Hendrix-genetics,Shaver brown,32,224,54.03,295.50,71.27,0.54,0.23,0.38
5,Hendrix-genetics,Shaver brown,37,259,58.36,388.00,87.42,0.58,0.25,0.41
6,Hendrix-genetics,Shaver brown,42,294,62.65,485.00,103.35,0.63,0.26,0.44
7,Hendrix-genetics,Shaver brown,46,322,65.49,584.50,118.87,0.65,0.28,0.46
8,Hendrix-genetics,Shaver brown,50,350,68.39,686.00,134.04,0.68,0.29,0.48
9,Hendrix-genetics,Shaver brown,54,378,71.37,787.00,148.59,0.68,0.26,0.41
10,Hendrix-genetics,Shaver brown,58,406,74.40,887.00,162.53,0.71,0.27,0.43
11,Hendrix-genetics,Shaver brown,61,427,76.23,984.50,175.76,0.72,0.27,0.44
12,Hendrix-genetics,Shaver brown,64,448,78.17,"1,079.00",188.26,0.74,0.28,0.45
13,Hendrix-genetics,Shaver brown,67,469,80.21,"1,169.00",199.92,0.76,0.29,0.47
14,Hendrix-genetics,Shaver brown,70,490,82.33,"1,254.50",210.79,0.78,0.30,0.48
15,Hendrix-genetics,Shaver brown,73,511,84.55,"1,334.50",220.79,0.80,0.30,0.49
16,Hendrix-genetics,Shaver brown,76,532,86.85,"1,408.00",229.85,0.83,0.31,0.50
17,Hendrix-genetics,Shaver brown,79,553,89.23,"1,475.00",238.01,1.83,0.37,0.58
18,Hendrix-genetics,Shaver brown,84,588,93.92,"1,536.50",245.41,1.93,0.39,0.61
19,Hendrix-genetics,Shaver brown,89,623,99.52,"1,536.00",245.35,2.04,0.42,0.65
20,Hendrix-genetics,Shaver brown,96,714,113.07,"1,590.00",251.80,2.32,0.47,0.73
21,Hendrix-genetics,Shaver brown,102,714,112.23,"1,638.00",257.48,2.30,0.47,0.73
22,Hendrix-genetics,Shaver brown,108,756,118.28,"1,669.00",261.12,2.42,0.50,0.77
23,Hendrix-genetics,Shaver brown,111,777,121.01,"1,700.00",264.75,2.48,0.51,0.79
24,Hendrix-genetics,Shaver brown,111,777,120.69,"1,718.00",266.85,2.47,0.51,0.78
25,Hendrix-genetics,Shaver brown,111,777,120.41,"1,734.00",268.71,2.47,0.51,0.78
26,Hendrix-genetics,Shaver brown,111,777,120.17,"1,748.00",270.34,2.46,0.50,0.78
27,Hendrix-genetics,Shaver brown,111,777,119.93,"1,762.00",271.96,2.46,0.50,0.78
28,Hendrix-genetics,Shaver brown,111,777,119.72,"1,774.00",273.35,2.45,0.50,0.78
29,Hendrix-genetics,Shaver brown,111,777,119.54,"1,785.00",274.62,2.45,0.50,0.78
30,Hendrix-genetics,Shaver brown,111,777,119.37,"1,795.00",275.77,2.45,0.50,0.78
31,Hendrix-genetics,Shaver brown,111,777,119.22,"1,804.00",276.81,2.44,0.50,0.77
32,Hendrix-genetics,Shaver brown,111,777,119.08,"1,813.00",277.84,2.44,0.50,0.77
33,Hendrix-genetics,Shaver brown,111,777,118.96,"1,820.00",278.65,2.44,0.50,0.77
34,Hendrix-genetics,Shaver brown,111,777,118.85,"1,827.00",279.45,2.44,0.50,0.77
35,Hendrix-genetics,Shaver brown,111,777,118.73,"1,834.00",280.25,2.43,0.50,0.77
1,Hendrix-genetics,Shaver brown light,10,70,24.38,68.00,23.68,0.26,0.12,0.18
2,Hendrix-genetics,Shaver brown light,18,126,39.89,99.50,31.50,0.43,0.19,0.30
3,Hendrix-genetics,Shaver brown light,25,175,44.55,238.00,60.59,0.48,0.21,0.33
4,Hendrix-genetics,Shaver brown light,31,217,50.74,334.50,78.22,0.51,0.21,0.36
5,Hendrix-genetics,Shaver brown light,37,259,56.61,438.00,95.74,0.57,0.24,0.40
6,Hendrix-genetics,Shaver brown light,42,294,60.79,547.00,113.11,0.61,0.26,0.43
7,Hendrix-genetics,Shaver brown light,46,322,63.54,659.50,130.14,0.64,0.27,0.44
8,Hendrix-genetics,Shaver brown light,50,350,66.38,773.00,146.60,0.66,0.28,0.46
9,Hendrix-genetics,Shaver brown light,54,378,69.26,887.00,162.53,0.66,0.25,0.40
10,Hendrix-genetics,Shaver brown light,58,406,72.20,"1,000.00",177.83,0.69,0.26,0.42
11,Hendrix-genetics,Shaver brown light,61,427,73.97,"1,110.50",192.37,0.70,0.27,0.43
12,Hendrix-genetics,Shaver brown light,64,448,75.84,"1,217.50",206.11,0.72,0.27,0.44
13,Hendrix-genetics,Shaver brown light,67,469,77.81,"1,320.00",218.99,0.74,0.28,0.45
14,Hendrix-genetics,Shaver brown light,70,490,79.87,"1,416.50",230.89,0.76,0.29,0.46
15,Hendrix-genetics,Shaver brown light,73,511,82.02,"1,506.50",241.81,0.78,0.30,0.48
16,Hendrix-genetics,Shaver brown light,76,532,84.24,"1,590.50",251.85,0.80,0.30,0.49
17,Hendrix-genetics,Shaver brown light,79,553,86.55,"1,666.50",260.83,1.77,0.36,0.56
18,Hendrix-genetics,Shaver brown light,85,595,92.21,"1,734.00",268.71,1.89,0.39,0.60
19,Hendrix-genetics,Shaver brown light,94,658,101.10,"1,794.00",275.66,2.07,0.42,0.66
20,Hendrix-genetics,Shaver brown light,104,777,118.56,"1,845.00",281.51,2.43,0.50,0.77
21,Hendrix-genetics,Shaver brown light,111,777,117.89,"1,887.00",286.30,2.42,0.50,0.77
22,Hendrix-genetics,Shaver brown light,112,784,118.42,"1,921.00",290.17,2.43,0.50,0.77
23,Hendrix-genetics,Shaver brown light,113,791,119.09,"1,946.00",292.99,2.44,0.50,0.77
24,Hendrix-genetics,Shaver brown light,114,798,119.89,"1,963.00",294.91,2.46,0.50,0.78
25,Hendrix-genetics,Shaver brown light,115,805,120.72,"1,977.00",296.49,2.47,0.51,0.78
26,Hendrix-genetics,Shaver brown light,115,805,120.51,"1,991.00",298.06,2.47,0.51,0.78
27,Hendrix-genetics,Shaver brown light,116,812,121.36,"2,004.00",299.52,2.49,0.51,0.79
28,Hendrix-genetics,Shaver brown light,116,812,121.20,"2,015.00",300.75,2.48,0.51,0.79
29,Hendrix-genetics,Shaver brown light,117,819,122.07,"2,026.00",301.98,2.50,0.51,0.79
30,Hendrix-genetics,Shaver brown light,117,819,121.92,"2,036.00",303.10,2.50,0.51,0.79
31,Hendrix-genetics,Shaver brown light,118,826,122.83,"2,045.00",304.10,2.52,0.52,0.80
32,Hendrix-genetics,Shaver brown light,118,826,122.71,"2,053.00",304.99,2.52,0.52,0.80
33,Hendrix-genetics,Shaver brown light,118,826,122.59,"2,061.00",305.89,2.51,0.51,0.80
34,Hendrix-genetics,Shaver brown light,119,833,123.53,"2,068.00",306.66,2.53,0.52,0.80
35,Hendrix-genetics,Shaver brown light,119,833,123.44,"2,074.00",307.33,2.53,0.52,0.80
1,Hendrix-genetics,Shaver white,7,49,17.29,64.50,22.76,0.19,0.08,0.13
2,Hendrix-genetics,Shaver white,13,91,27.03,128.50,38.17,0.29,0.13,0.20
3,Hendrix-genetics,Shaver white,19,133,35.50,197.00,52.58,0.38,0.17,0.27
4,Hendrix-genetics,Shaver white,25,175,43.19,269.50,66.51,0.43,0.18,0.30
5,Hendrix-genetics,Shaver white,30,210,48.71,345.50,80.14,0.49,0.20,0.34
6,Hendrix-genetics,Shaver white,34,238,52.46,423.50,93.36,0.52,0.22,0.37
7,Hendrix-genetics,Shaver white,39,273,57.63,503.50,106.29,0.58,0.24,0.40
8,Hendrix-genetics,Shaver white,42,294,59.77,585.50,119.03,0.60,0.25,0.42
9,Hendrix-genetics,Shaver white,46,322,63.35,667.50,131.32,0.60,0.23,0.37
10,Hendrix-genetics,Shaver white,49,343,65.55,749.50,143.24,0.62,0.24,0.38
11,Hendrix-genetics,Shaver white,52,364,67.80,831.00,154.77,0.64,0.24,0.39
12,Hendrix-genetics,Shaver white,55,385,70.08,911.00,165.82,0.67,0.25,0.41
13,Hendrix-genetics,Shaver white,58,406,72.40,989.00,176.36,0.69,0.26,0.42
14,Hendrix-genetics,Shaver white,60,420,73.53,"1,064.50",186.36,0.70,0.26,0.43
15,Hendrix-genetics,Shaver white,63,441,75.94,"1,137.50",195.87,0.72,0.27,0.44
16,Hendrix-genetics,Shaver white,66,462,78.40,"1,206.00",204.65,0.74,0.28,0.45
17,Hendrix-genetics,Shaver white,69,483,80.91,"1,270.00",212.74,1.66,0.34,0.53
18,Hendrix-genetics,Shaver white,74,518,85.79,"1,329.00",220.11,1.76,0.36,0.56
19,Hendrix-genetics,Shaver white,80,560,91.83,"1,383.00",226.79,1.88,0.39,0.60
20,Hendrix-genetics,Shaver white,86,644,104.73,"1,430.00",232.54,2.15,0.44,0.68
21,Hendrix-genetics,Shaver white,92,644,103.99,"1,471.00",237.53,2.13,0.44,0.68
22,Hendrix-genetics,Shaver white,97,679,109.01,"1,505.00",241.63,2.23,0.46,0.71
23,Hendrix-genetics,Shaver white,101,707,113.14,"1,525.00",244.04,2.32,0.48,0.74
24,Hendrix-genetics,Shaver white,102,714,113.96,"1,541.00",245.95,2.34,0.48,0.74
25,Hendrix-genetics,Shaver white,102,714,113.70,"1,555.00",247.63,2.33,0.48,0.74
26,Hendrix-genetics,Shaver white,103,721,114.58,"1,568.00",249.18,2.35,0.48,0.74
27,Hendrix-genetics,Shaver white,103,721,114.36,"1,580.00",250.61,2.34,0.48,0.74
28,Hendrix-genetics,Shaver white,103,721,114.14,"1,592.00",252.03,2.34,0.48,0.74
29,Hendrix-genetics,Shaver white,104,728,115.07,"1,602.00",253.22,2.36,0.48,0.75
30,Hendrix-genetics,Shaver white,104,728,114.91,"1,611.00",254.29,2.36,0.48,0.75
31,Hendrix-genetics,Shaver white,104,728,114.64,"1,626.00",256.06,2.35,0.48,0.75
32,Hendrix-genetics,Shaver white,104,728,114.52,"1,633.00",256.89,2.35,0.48,0.74
33,Hendrix-genetics,Shaver white,105,735,115.52,"1,639.00",257.59,2.37,0.49,0.75
34,Hendrix-genetics,Shaver white,105,735,115.43,"1,644.00",258.18,2.37,0.48,0.75
35,Hendrix-genetics,Shaver white,105,735,115.43,"1,644.00",258.18,2.37,0.48,0.75
1,Lohmann tierzucht,Lohmann brown classic,11,77,26.17,75,25.49,0.27,0.13,0.20
2,Lohmann tierzucht,Lohmann brown classic,17,119,35.24,130,38.50,0.37,0.17,0.26
3,Lohmann tierzucht,Lohmann brown classic,22,154,41.21,195,52.18,0.43,0.20,0.31
4,Lohmann tierzucht,Lohmann brown classic,28,196,48.13,275,67.53,0.48,0.22,0.34
5,Lohmann tierzucht,Lohmann brown classic,35,245,55.98,367,83.85,0.56,0.25,0.39
6,Lohmann tierzucht,Lohmann brown classic,41,287,61.48,475,101.75,0.61,0.28,0.43
7,Lohmann tierzucht,Lohmann brown classic,47,329,66.95,583,118.65,0.67,0.30,0.47
8,Lohmann tierzucht,Lohmann brown classic,51,357,69.78,685,133.90,0.70,0.31,0.49
9,Lohmann tierzucht,Lohmann brown classic,55,385,72.80,782,147.88,0.66,0.27,0.42
10,Lohmann tierzucht,Lohmann brown classic,58,406,74.67,874,160.74,0.67,0.28,0.43
11,Lohmann tierzucht,Lohmann brown classic,60,420,75.43,961,172.60,0.68,0.28,0.44
12,Lohmann tierzucht,Lohmann brown classic,64,448,78.83,1043,183.53,0.71,0.29,0.46
13,Lohmann tierzucht,Lohmann brown classic,65,455,78.60,1123,193.99,0.71,0.29,0.46
14,Lohmann tierzucht,Lohmann brown classic,68,476,80.93,1197,203.50,0.73,0.30,0.47
15,Lohmann tierzucht,Lohmann brown classic,70,490,82.18,1264,211.99,0.74,0.30,0.48
16,Lohmann tierzucht,Lohmann brown classic,71,497,82.30,1330,220.24,0.74,0.30,0.48
17,Lohmann tierzucht,Lohmann brown classic,72,504,82.39,1400,228.87,1.65,0.37,0.54
18,Lohmann tierzucht,Lohmann brown classic,75,525,84.72,1475,238.01,1.69,0.38,0.55
19,Lohmann tierzucht,Lohmann brown classic,81,567,90.29,1555,247.63,1.81,0.41,0.59
20,Lohmann tierzucht,Lohmann brown classic,93,700,110.00,1640,257.71,2.20,0.49,0.71
21,Lohmann tierzucht,Lohmann brown classic,100,700,108.84,1711,266.03,2.18,0.49,0.71
22,Lohmann tierzucht,Lohmann brown classic,106,742,114.08,1790,275.19,2.28,0.51,0.74
23,Lohmann tierzucht,Lohmann brown classic,110,770,117.73,1830,279.79,2.35,0.53,0.77
24,Lohmann tierzucht,Lohmann brown classic,113,791,120.29,1870,284.37,2.41,0.54,0.78
25,Lohmann tierzucht,Lohmann brown classic,114,798,121.11,1885,286.08,2.42,0.54,0.79
26,Lohmann tierzucht,Lohmann brown classic,114,798,120.87,1900,287.78,2.42,0.54,0.79
27,Lohmann tierzucht,Lohmann brown classic,114,798,120.79,1905,288.35,2.42,0.54,0.79
28,Lohmann tierzucht,Lohmann brown classic,114,798,120.69,1911,289.03,2.41,0.54,0.78
29,Lohmann tierzucht,Lohmann brown classic,114,798,120.63,1915,289.49,2.41,0.54,0.78
30,Lohmann tierzucht,Lohmann brown classic,114,798,120.55,1920,290.05,2.41,0.54,0.78
31,Lohmann tierzucht,Lohmann brown classic,114,798,120.51,1923,290.39,2.41,0.54,0.78
32,Lohmann tierzucht,Lohmann brown classic,115,805,121.53,1925,290.62,2.43,0.55,0.79
33,Lohmann tierzucht,Lohmann brown classic,115,805,121.48,1928,290.96,2.43,0.55,0.79
34,Lohmann tierzucht,Lohmann brown classic,115,805,121.44,1931,291.30,2.43,0.55,0.79
35,Lohmann tierzucht,Lohmann brown classic,115,805,121.41,1933,291.52,2.43,0.55,0.79
1,Lohmann tierzucht,Lohmann brown lite,11,77,26.17,75,25.49,0.27,0.13,0.20
2,Lohmann tierzucht,Lohmann brown lite,17,119,35.59,125,37.38,0.37,0.17,0.27
3,Lohmann tierzucht,Lohmann brown lite,22,154,41.48,190,51.18,0.44,0.20,0.31
4,Lohmann tierzucht,Lohmann brown lite,28,196,48.35,270,66.61,0.48,0.22,0.34
5,Lohmann tierzucht,Lohmann brown lite,35,245,56.25,360,82.65,0.56,0.25,0.39
6,Lohmann tierzucht,Lohmann brown lite,40,280,60.30,465,100.14,0.60,0.27,0.42
7,Lohmann tierzucht,Lohmann brown lite,46,322,65.90,570,116.66,0.66,0.30,0.46
8,Lohmann tierzucht,Lohmann brown lite,50,350,68.79,670,131.69,0.69,0.31,0.48
9,Lohmann tierzucht,Lohmann brown lite,54,378,71.87,765,145.46,0.65,0.27,0.42
10,Lohmann tierzucht,Lohmann brown lite,57,399,73.79,855,158.12,0.66,0.27,0.43
11,Lohmann tierzucht,Lohmann brown lite,59,413,74.59,940,169.76,0.67,0.28,0.43
12,Lohmann tierzucht,Lohmann brown lite,63,441,78.03,1020,180.49,0.70,0.29,0.45
13,Lohmann tierzucht,Lohmann brown lite,64,448,77.83,1098,190.74,0.70,0.29,0.45
14,Lohmann tierzucht,Lohmann brown lite,67,469,80.17,1171,200.18,0.72,0.30,0.47
15,Lohmann tierzucht,Lohmann brown lite,69,483,81.46,1236,208.46,0.73,0.30,0.47
16,Lohmann tierzucht,Lohmann brown lite,70,490,81.59,1301,216.62,0.73,0.30,0.47
17,Lohmann tierzucht,Lohmann brown lite,71,497,81.71,1369,225.06,1.63,0.37,0.53
18,Lohmann tierzucht,Lohmann brown lite,74,518,84.05,1443,234.13,1.68,0.38,0.55
19,Lohmann tierzucht,Lohmann brown lite,80,560,89.67,1521,243.55,1.79,0.40,0.58
20,Lohmann tierzucht,Lohmann brown lite,92,700,110.61,1604,253.46,2.21,0.50,0.72
21,Lohmann tierzucht,Lohmann brown lite,100,700,109.45,1673,261.59,2.19,0.49,0.71
22,Lohmann tierzucht,Lohmann brown lite,106,742,114.71,1751,270.69,2.29,0.52,0.75
23,Lohmann tierzucht,Lohmann brown lite,110,770,118.38,1790,275.19,2.37,0.53,0.77
24,Lohmann tierzucht,Lohmann brown lite,113,791,120.95,1829,279.68,2.42,0.54,0.79
25,Lohmann tierzucht,Lohmann brown lite,114,798,121.78,1844,281.40,2.44,0.55,0.79
26,Lohmann tierzucht,Lohmann brown lite,114,798,121.55,1858,283.00,2.43,0.55,0.79
27,Lohmann tierzucht,Lohmann brown lite,114,798,121.46,1863,283.57,2.43,0.55,0.79
28,Lohmann tierzucht,Lohmann brown lite,114,798,121.37,1869,284.25,2.43,0.55,0.79
29,Lohmann tierzucht,Lohmann brown lite,114,798,121.30,1873,284.71,2.43,0.55,0.79
30,Lohmann tierzucht,Lohmann brown lite,114,798,121.22,1878,285.28,2.42,0.55,0.79
31,Lohmann tierzucht,Lohmann brown lite,114,798,121.17,1881,285.62,2.42,0.55,0.79
32,Lohmann tierzucht,Lohmann brown lite,115,805,122.20,1883,285.85,2.44,0.55,0.79
33,Lohmann tierzucht,Lohmann brown lite,115,805,122.15,1886,286.19,2.44,0.55,0.79
34,Lohmann tierzucht,Lohmann brown lite,115,805,122.11,1889,286.53,2.44,0.55,0.79
35,Lohmann tierzucht,Lohmann brown lite,115,805,122.07,1891,286.76,2.44,0.55,0.79
1,Lohmann tierzucht,Lohmann brown NA,11,77,26.17,75,25.49,0.27,0.13,0.20
2,Lohmann tierzucht,Lohmann brown NA,17,119,35.59,125,37.38,0.37,0.17,0.27
3,Lohmann tierzucht,Lohmann brown NA,22,154,41.48,190,51.18,0.44,0.20,0.31
4,Lohmann tierzucht,Lohmann brown NA,28,196,48.35,270,66.61,0.48,0.22,0.34
5,Lohmann tierzucht,Lohmann brown NA,33,231,53.03,360,82.65,0.53,0.24,0.37
6,Lohmann tierzucht,Lohmann brown NA,38,266,57.37,462,99.65,0.57,0.26,0.40
7,Lohmann tierzucht,Lohmann brown NA,42,294,60.30,565,115.89,0.60,0.27,0.42
8,Lohmann tierzucht,Lohmann brown NA,46,322,63.41,665,130.95,0.63,0.29,0.44
9,Lohmann tierzucht,Lohmann brown NA,49,343,65.33,760,144.75,0.59,0.24,0.38
10,Lohmann tierzucht,Lohmann brown NA,52,364,67.41,850,157.42,0.61,0.25,0.39
11,Lohmann tierzucht,Lohmann brown NA,55,385,69.62,935,169.09,0.63,0.26,0.40
12,Lohmann tierzucht,Lohmann brown NA,58,406,71.93,1015,179.82,0.65,0.27,0.42
13,Lohmann tierzucht,Lohmann brown NA,61,427,74.26,1093,190.09,0.67,0.27,0.43
14,Lohmann tierzucht,Lohmann brown NA,64,448,76.67,1166,199.54,0.69,0.28,0.44
15,Lohmann tierzucht,Lohmann brown NA,67,469,79.18,1231,207.82,0.71,0.29,0.46
16,Lohmann tierzucht,Lohmann brown NA,70,490,81.67,1296,216.00,0.74,0.30,0.47
17,Lohmann tierzucht,Lohmann brown NA,73,511,84.08,1364,224.45,2.10,0.38,0.55
18,Lohmann tierzucht,Lohmann brown NA,77,539,87.53,1438,233.52,2.19,0.39,0.57
19,Lohmann tierzucht,Lohmann brown NA,81,567,90.87,1516,242.95,2.27,0.41,0.59
20,Lohmann tierzucht,Lohmann brown NA,86,700,110.75,1596,252.51,2.77,0.50,0.72
21,Lohmann tierzucht,Lohmann brown NA,100,700,109.53,1668,261.00,2.74,0.49,0.71
22,Lohmann tierzucht,Lohmann brown NA,106,742,114.92,1738,269.18,2.87,0.52,0.75
23,Lohmann tierzucht,Lohmann brown NA,110,770,118.56,1779,273.93,2.96,0.53,0.77
24,Lohmann tierzucht,Lohmann brown NA,113,791,121.19,1815,278.07,3.03,0.55,0.79
25,Lohmann tierzucht,Lohmann brown NA,114,798,121.99,1831,279.91,3.05,0.55,0.79
26,Lohmann tierzucht,Lohmann brown NA,114,798,121.79,1843,281.28,3.04,0.55,0.79
27,Lohmann tierzucht,Lohmann brown NA,114,798,121.68,1850,282.08,3.04,0.55,0.79
28,Lohmann tierzucht,Lohmann brown NA,114,798,121.60,1855,282.66,3.04,0.55,0.79
29,Lohmann tierzucht,Lohmann brown NA,114,798,121.53,1859,283.11,3.04,0.55,0.79
30,Lohmann tierzucht,Lohmann brown NA,114,798,121.46,1863,283.57,3.04,0.55,0.79
31,Lohmann tierzucht,Lohmann brown NA,114,798,121.42,1866,283.91,3.04,0.55,0.79
32,Lohmann tierzucht,Lohmann brown NA,115,805,122.43,1869,284.25,3.06,0.55,0.80
33,Lohmann tierzucht,Lohmann brown NA,115,805,122.38,1872,284.60,3.06,0.55,0.80
34,Lohmann tierzucht,Lohmann brown NA,115,805,122.33,1875,284.94,3.06,0.55,0.80
35,Lohmann tierzucht,Lohmann brown NA,115,805,122.28,1878,285.28,3.06,0.55,0.79
1,Lohmann tierzucht,Lohmann sandy,10,70,23.79,75,25.49,0.25,0.11,0.18
2,Lohmann tierzucht,Lohmann sandy,17,119,35.45,127,37.83,0.37,0.17,0.27
3,Lohmann tierzucht,Lohmann sandy,23,161,43.36,190,51.18,0.46,0.21,0.33
4,Lohmann tierzucht,Lohmann sandy,29,203,50.03,271,66.79,0.50,0.23,0.35
5,Lohmann tierzucht,Lohmann sandy,35,245,56.44,355,81.78,0.56,0.25,0.40
6,Lohmann tierzucht,Lohmann sandy,39,273,59.21,452,98.03,0.59,0.27,0.41
7,Lohmann tierzucht,Lohmann sandy,43,301,61.93,558,114.81,0.62,0.28,0.43
8,Lohmann tierzucht,Lohmann sandy,47,329,64.96,658,129.92,0.65,0.29,0.45
9,Lohmann tierzucht,Lohmann sandy,51,357,68.04,758,144.46,0.61,0.25,0.39
10,Lohmann tierzucht,Lohmann sandy,55,385,71.24,853,157.84,0.64,0.26,0.41
11,Lohmann tierzucht,Lohmann sandy,59,413,74.69,935,169.09,0.67,0.28,0.43
12,Lohmann tierzucht,Lohmann sandy,62,434,77.00,1009,179.03,0.69,0.28,0.45
13,Lohmann tierzucht,Lohmann sandy,65,455,79.52,1072,187.35,0.72,0.29,0.46
14,Lohmann tierzucht,Lohmann sandy,68,476,82.10,1130,194.90,0.74,0.30,0.48
15,Lohmann tierzucht,Lohmann sandy,71,497,84.74,1183,201.72,0.76,0.31,0.49
16,Lohmann tierzucht,Lohmann sandy,74,518,87.47,1230,207.70,0.79,0.32,0.51
17,Lohmann tierzucht,Lohmann sandy,77,539,90.11,1280,214.00,0.81,0.33,0.52
18,Lohmann tierzucht,Lohmann sandy,80,560,92.68,1333,220.61,1.85,0.42,0.60
19,Lohmann tierzucht,Lohmann sandy,84,588,96.23,1394,228.14,1.92,0.43,0.63
20,Lohmann tierzucht,Lohmann sandy,100,742,119.43,1490,239.82,2.39,0.54,0.78
21,Lohmann tierzucht,Lohmann sandy,106,742,118.22,1552,247.27,2.36,0.53,0.77
22,Lohmann tierzucht,Lohmann sandy,110,770,121.52,1612,254.40,2.43,0.55,0.79
23,Lohmann tierzucht,Lohmann sandy,113,791,123.87,1663,260.42,2.48,0.56,0.81
24,Lohmann tierzucht,Lohmann sandy,114,798,124.20,1704,265.22,2.48,0.56,0.81
25,Lohmann tierzucht,Lohmann sandy,114,798,123.59,1738,269.18,2.47,0.56,0.80
26,Lohmann tierzucht,Lohmann sandy,114,798,123.08,1767,272.54,2.46,0.55,0.80
27,Lohmann tierzucht,Lohmann sandy,114,798,122.67,1791,275.31,2.45,0.55,0.80
28,Lohmann tierzucht,Lohmann sandy,114,798,122.34,1810,277.50,2.45,0.55,0.80
29,Lohmann tierzucht,Lohmann sandy,114,798,122.11,1824,279.11,2.44,0.55,0.79
30,Lohmann tierzucht,Lohmann sandy,114,798,121.93,1835,280.37,2.44,0.55,0.79
31,Lohmann tierzucht,Lohmann sandy,115,805,122.89,1841,281.05,2.46,0.55,0.80
32,Lohmann tierzucht,Lohmann sandy,115,805,122.83,1845,281.51,2.46,0.55,0.80
33,Lohmann tierzucht,Lohmann sandy,115,805,122.78,1848,281.86,2.46,0.55,0.80
34,Lohmann tierzucht,Lohmann sandy,115,805,122.73,1851,282.20,2.45,0.55,0.80
35,Lohmann tierzucht,Lohmann sandy,105,735,112.01,1854,282.54,2.24,0.50,0.73
1,Lohmann tierzucht,Lohmann silver,10,70,23.79,75,25.49,0.25,0.11,0.18
2,Lohmann tierzucht,Lohmann silver,18,126,37.32,130,38.50,0.39,0.18,0.28
3,Lohmann tierzucht,Lohmann silver,24,168,44.67,200,53.18,0.47,0.21,0.34
4,Lohmann tierzucht,Lohmann silver,30,210,51.34,280,68.45,0.51,0.23,0.36
5,Lohmann tierzucht,Lohmann silver,35,245,55.86,370,84.36,0.56,0.25,0.39
6,Lohmann tierzucht,Lohmann silver,40,280,59.82,480,102.55,0.60,0.27,0.42
7,Lohmann tierzucht,Lohmann silver,44,308,62.63,585,118.95,0.63,0.28,0.44
8,Lohmann tierzucht,Lohmann silver,52,364,71.02,690,134.63,0.71,0.32,0.50
9,Lohmann tierzucht,Lohmann silver,56,392,73.94,790,149.01,0.67,0.27,0.43
10,Lohmann tierzucht,Lohmann silver,60,420,76.90,890,162.95,0.69,0.28,0.45
11,Lohmann tierzucht,Lohmann silver,66,462,82.57,980,175.15,0.74,0.31,0.48
12,Lohmann tierzucht,Lohmann silver,69,483,84.35,1075,187.74,0.76,0.31,0.49
13,Lohmann tierzucht,Lohmann silver,72,504,86.36,1160,198.77,0.78,0.32,0.50
14,Lohmann tierzucht,Lohmann silver,75,525,88.47,1240,208.96,0.80,0.33,0.51
15,Lohmann tierzucht,Lohmann silver,78,546,90.84,1305,217.12,0.82,0.34,0.53
16,Lohmann tierzucht,Lohmann silver,81,567,93.11,1375,225.80,0.84,0.34,0.54
17,Lohmann tierzucht,Lohmann silver,85,595,96.51,1445,234.37,1.93,0.43,0.63
18,Lohmann tierzucht,Lohmann silver,89,623,99.78,1520,243.43,2.00,0.45,0.65
19,Lohmann tierzucht,Lohmann silver,100,700,110.68,1600,252.98,2.21,0.50,0.72
20,Lohmann tierzucht,Lohmann silver,106,770,120.27,1680,262.41,2.41,0.54,0.78
21,Lohmann tierzucht,Lohmann silver,110,770,119.05,1750,270.57,2.38,0.54,0.77
22,Lohmann tierzucht,Lohmann silver,113,791,120.35,1827,283.91,2.41,0.54,0.78
23,Lohmann tierzucht,Lohmann silver,114,798,120.79,1866,288.35,2.42,0.54,0.79
24,Lohmann tierzucht,Lohmann silver,114,798,120.55,1905,290.05,2.41,0.54,0.78
25,Lohmann tierzucht,Lohmann silver,114,798,120.55,1920,290.05,2.41,0.54,0.78
26,Lohmann tierzucht,Lohmann silver,114,798,120.32,1935,291.75,2.41,0.54,0.78
27,Lohmann tierzucht,Lohmann silver,114,798,120.24,1940,292.32,2.40,0.54,0.78
28,Lohmann tierzucht,Lohmann silver,114,798,120.16,1945,292.88,2.40,0.54,0.78
29,Lohmann tierzucht,Lohmann silver,114,798,120.09,1950,293.44,2.40,0.54,0.78
30,Lohmann tierzucht,Lohmann silver,115,805,121.06,1955,294.01,2.42,0.54,0.79
31,Lohmann tierzucht,Lohmann silver,115,805,121.02,1958,294.35,2.42,0.54,0.79
32,Lohmann tierzucht,Lohmann silver,115,805,120.97,1961,294.69,2.42,0.54,0.79
33,Lohmann tierzucht,Lohmann silver,115,805,120.92,1964,295.02,2.42,0.54,0.79
34,Lohmann tierzucht,Lohmann silver,105,735,110.37,1967,295.36,2.21,0.50,0.72
35,Lohmann tierzucht,Lohmann silver,105,735,110.32,1970,295.70,2.21,0.50,0.72
1,Lohmann tierzucht,Lohmann LSL classic,10,70,23.79,75,25.49,0.25,0.11,0.18
2,Lohmann tierzucht,Lohmann LSL classic,17,119,35.59,125,37.38,0.37,0.17,0.27
3,Lohmann tierzucht,Lohmann LSL classic,23,161,43.54,187,50.57,0.46,0.21,0.33
4,Lohmann tierzucht,Lohmann LSL classic,29,203,50.70,257,64.19,0.51,0.23,0.35
5,Lohmann tierzucht,Lohmann LSL classic,34,238,55.55,337,78.65,0.56,0.25,0.39
6,Lohmann tierzucht,Lohmann LSL classic,37,259,56.91,429,94.26,0.57,0.26,0.40
7,Lohmann tierzucht,Lohmann LSL classic,41,287,59.84,529,110.30,0.60,0.27,0.42
8,Lohmann tierzucht,Lohmann LSL classic,45,315,63.03,624,124.85,0.63,0.28,0.44
9,Lohmann tierzucht,Lohmann LSL classic,49,343,66.24,719,138.85,0.60,0.25,0.38
10,Lohmann tierzucht,Lohmann LSL classic,53,371,69.56,809,151.69,0.63,0.26,0.40
11,Lohmann tierzucht,Lohmann LSL classic,56,392,71.83,887,162.53,0.65,0.27,0.42
12,Lohmann tierzucht,Lohmann LSL classic,60,420,75.51,957,172.06,0.68,0.28,0.44
13,Lohmann tierzucht,Lohmann LSL classic,64,448,79.33,1017,180.09,0.71,0.29,0.46
14,Lohmann tierzucht,Lohmann LSL classic,67,469,81.96,1072,187.35,0.74,0.30,0.48
15,Lohmann tierzucht,Lohmann LSL classic,70,490,84.66,1122,193.86,0.76,0.31,0.49
16,Lohmann tierzucht,Lohmann LSL classic,73,511,87.43,1167,199.67,0.79,0.32,0.51
17,Lohmann tierzucht,Lohmann LSL classic,76,532,90.13,1214,205.67,0.81,0.33,0.52
18,Lohmann tierzucht,Lohmann LSL classic,79,553,92.74,1264,211.99,1.85,0.42,0.60
19,Lohmann tierzucht,Lohmann LSL classic,84,588,97.51,1322,219.24,1.95,0.44,0.63
20,Lohmann tierzucht,Lohmann LSL classic,100,700,114.72,1386,227.16,2.29,0.52,0.75
21,Lohmann tierzucht,Lohmann LSL classic,106,742,120.24,1450,234.98,2.40,0.54,0.78
22,Lohmann tierzucht,Lohmann LSL classic,110,770,123.73,1500,241.03,2.47,0.56,0.80
23,Lohmann tierzucht,Lohmann LSL classic,113,791,126.27,1540,245.83,2.53,0.57,0.82
24,Lohmann tierzucht,Lohmann LSL classic,114,798,126.57,1580,250.61,2.53,0.57,0.82
25,Lohmann tierzucht,Lohmann LSL classic,114,798,125.98,1610,254.17,2.52,0.57,0.82
26,Lohmann tierzucht,Lohmann LSL classic,114,798,125.59,1630,256.53,2.51,0.57,0.82
27,Lohmann tierzucht,Lohmann LSL classic,114,798,125.21,1650,258.89,2.50,0.56,0.81
28,Lohmann tierzucht,Lohmann LSL classic,114,798,124.83,1670,261.24,2.50,0.56,0.81
29,Lohmann tierzucht,Lohmann LSL classic,114,798,124.46,1690,263.58,2.49,0.56,0.81
30,Lohmann tierzucht,Lohmann LSL classic,114,798,124.28,1700,264.75,2.49,0.56,0.81
31,Lohmann tierzucht,Lohmann LSL classic,115,805,125.28,1705,265.33,2.51,0.56,0.81
32,Lohmann tierzucht,Lohmann LSL classic,115,805,125.18,1710,265.92,2.50,0.56,0.81
33,Lohmann tierzucht,Lohmann LSL classic,115,805,125.13,1713,266.27,2.50,0.56,0.81
34,Lohmann tierzucht,Lohmann LSL classic,115,805,125.09,1715,266.50,2.50,0.56,0.81
35,Lohmann tierzucht,Lohmann LSL classic,105,735,114.16,1718,266.85,2.28,0.51,0.74
1,Lohmann tierzucht,Lohmann LSL extra,10,70,23.79,75,25.49,0.25,0.11,0.18
2,Lohmann tierzucht,Lohmann LSL extra,17,119,35.95,120,36.26,0.38,0.17,0.27
3,Lohmann tierzucht,Lohmann LSL extra,23,161,42.81,200,53.18,0.45,0.21,0.32
4,Lohmann tierzucht,Lohmann LSL extra,29,203,49.85,275,67.53,0.50,0.22,0.35
5,Lohmann tierzucht,Lohmann LSL extra,35,245,56.25,360,82.65,0.56,0.25,0.39
6,Lohmann tierzucht,Lohmann LSL extra,40,280,60.53,458,99.00,0.61,0.27,0.42
7,Lohmann tierzucht,Lohmann LSL extra,44,308,63.17,565,115.89,0.63,0.28,0.44
8,Lohmann tierzucht,Lohmann LSL extra,48,336,66.14,666,131.10,0.66,0.30,0.46
9,Lohmann tierzucht,Lohmann LSL extra,52,364,69.17,767,145.75,0.62,0.26,0.40
10,Lohmann tierzucht,Lohmann LSL extra,56,392,72.32,863,159.22,0.65,0.27,0.42
11,Lohmann tierzucht,Lohmann LSL extra,60,420,75.73,946,170.58,0.68,0.28,0.44
12,Lohmann tierzucht,Lohmann LSL extra,64,448,79.25,1021,180.62,0.71,0.29,0.46
13,Lohmann tierzucht,Lohmann LSL extra,67,469,81.72,1085,189.05,0.74,0.30,0.47
14,Lohmann tierzucht,Lohmann LSL extra,70,490,84.25,1144,196.71,0.76,0.31,0.49
15,Lohmann tierzucht,Lohmann LSL extra,73,511,86.88,1197,203.50,0.78,0.32,0.50
16,Lohmann tierzucht,Lohmann LSL extra,76,532,89.56,1245,209.59,0.81,0.33,0.52
17,Lohmann tierzucht,Lohmann LSL extra,79,553,92.18,1295,215.87,0.83,0.34,0.53
18,Lohmann tierzucht,Lohmann LSL extra,83,581,95.89,1348,222.47,1.92,0.43,0.62
19,Lohmann tierzucht,Lohmann LSL extra,88,616,100.53,1410,230.10,2.01,0.45,0.65
20,Lohmann tierzucht,Lohmann LSL extra,100,700,112.90,1478,238.37,2.26,0.51,0.73
21,Lohmann tierzucht,Lohmann LSL extra,106,742,118.39,1543,246.19,2.37,0.53,0.77
22,Lohmann tierzucht,Lohmann LSL extra,110,770,121.88,1593,252.15,2.44,0.55,0.79
23,Lohmann tierzucht,Lohmann LSL extra,113,791,124.43,1633,256.89,2.49,0.56,0.81
24,Lohmann tierzucht,Lohmann LSL extra,114,798,124.87,1668,261.00,2.50,0.56,0.81
25,Lohmann tierzucht,Lohmann LSL extra,114,798,124.31,1698,264.52,2.49,0.56,0.81
26,Lohmann tierzucht,Lohmann LSL extra,114,798,123.86,1723,267.43,2.48,0.56,0.81
27,Lohmann tierzucht,Lohmann LSL extra,114,798,123.50,1743,269.76,2.47,0.56,0.80
28,Lohmann tierzucht,Lohmann LSL extra,114,798,123.24,1758,271.50,2.46,0.55,0.80
29,Lohmann tierzucht,Lohmann LSL extra,114,798,123.06,1768,272.65,2.46,0.55,0.80
30,Lohmann tierzucht,Lohmann LSL extra,114,798,122.94,1775,273.46,2.46,0.55,0.80
31,Lohmann tierzucht,Lohmann LSL extra,115,805,123.93,1780,274.04,2.48,0.56,0.81
32,Lohmann tierzucht,Lohmann LSL extra,115,805,123.88,1783,274.39,2.48,0.56,0.81
33,Lohmann tierzucht,Lohmann LSL extra,115,805,123.83,1786,274.73,2.48,0.56,0.80
34,Lohmann tierzucht,Lohmann LSL extra,115,805,123.78,1789,275.08,2.48,0.56,0.80
35,Lohmann tierzucht,Lohmann LSL extra,105,735,112.97,1792,275.43,2.26,0.51,0.73
1,Lohmann tierzucht,Lohmann LSL lite,10,70,24.20,70,24.20,0.25,0.12,0.18
2,Lohmann tierzucht,Lohmann LSL lite,12,84,25.38,120,36.26,0.27,0.12,0.19
3,Lohmann tierzucht,Lohmann LSL lite,23,161,43.65,185,50.16,0.46,0.21,0.33
4,Lohmann tierzucht,Lohmann LSL lite,29,203,50.80,255,63.81,0.51,0.23,0.36
5,Lohmann tierzucht,Lohmann LSL lite,34,238,55.67,334,78.13,0.56,0.25,0.39
6,Lohmann tierzucht,Lohmann LSL lite,38,266,58.58,425,93.60,0.59,0.26,0.41
7,Lohmann tierzucht,Lohmann LSL lite,42,294,61.45,524,109.52,0.61,0.28,0.43
8,Lohmann tierzucht,Lohmann LSL lite,46,322,64.14,635,126.50,0.64,0.29,0.45
9,Lohmann tierzucht,Lohmann LSL lite,49,343,65.88,735,141.16,0.59,0.24,0.38
10,Lohmann tierzucht,Lohmann LSL lite,52,364,67.92,825,153.94,0.61,0.25,0.39
11,Lohmann tierzucht,Lohmann LSL lite,55,385,70.41,894,163.49,0.63,0.26,0.41
12,Lohmann tierzucht,Lohmann LSL lite,58,406,72.96,959,172.33,0.66,0.27,0.42
13,Lohmann tierzucht,Lohmann LSL lite,61,427,75.50,1023,180.89,0.68,0.28,0.44
14,Lohmann tierzucht,Lohmann LSL lite,64,448,78.08,1084,188.92,0.70,0.29,0.45
15,Lohmann tierzucht,Lohmann LSL lite,67,469,80.66,1143,196.58,0.73,0.30,0.47
16,Lohmann tierzucht,Lohmann LSL lite,71,497,84.44,1200,203.89,0.76,0.31,0.49
17,Lohmann tierzucht,Lohmann LSL lite,75,525,88.21,1255,210.85,0.79,0.33,0.51
18,Lohmann tierzucht,Lohmann LSL lite,79,553,91.99,1306,217.25,1.84,0.41,0.60
19,Lohmann tierzucht,Lohmann LSL lite,83,581,95.74,1356,223.46,1.91,0.43,0.62
20,Lohmann tierzucht,Lohmann LSL lite,100,700,114.33,1405,229.49,2.29,0.51,0.74
21,Lohmann tierzucht,Lohmann LSL lite,106,742,120.20,1452,235.22,2.40,0.54,0.78
22,Lohmann tierzucht,Lohmann LSL lite,110,770,123.79,1497,240.67,2.48,0.56,0.80
23,Lohmann tierzucht,Lohmann LSL lite,113,791,126.31,1538,245.59,2.53,0.57,0.82
24,Lohmann tierzucht,Lohmann LSL lite,114,798,126.67,1575,250.01,2.53,0.57,0.82
25,Lohmann tierzucht,Lohmann LSL lite,114,798,126.02,1608,253.93,2.52,0.57,0.82
26,Lohmann tierzucht,Lohmann LSL lite,114,798,125.63,1628,256.30,2.51,0.57,0.82
27,Lohmann tierzucht,Lohmann LSL lite,114,798,125.42,1639,257.59,2.51,0.56,0.82
28,Lohmann tierzucht,Lohmann LSL lite,114,798,125.30,1645,258.30,2.51,0.56,0.81
29,Lohmann tierzucht,Lohmann LSL lite,114,798,125.23,1649,258.77,2.50,0.56,0.81
30,Lohmann tierzucht,Lohmann LSL lite,114,798,125.19,1651,259.01,2.50,0.56,0.81
31,Lohmann tierzucht,Lohmann LSL lite,115,805,126.25,1653,259.24,2.52,0.57,0.82
32,Lohmann tierzucht,Lohmann LSL lite,115,805,126.21,1655,259.48,2.52,0.57,0.82
33,Lohmann tierzucht,Lohmann LSL lite,115,805,126.17,1657,259.71,2.52,0.57,0.82
34,Lohmann tierzucht,Lohmann LSL lite,115,805,126.15,1658,259.83,2.52,0.57,0.82
35,Lohmann tierzucht,Lohmann LSL lite,105,735,115.15,1660,260.06,2.30,0.52,0.75
1,Lohmann tierzucht,Lohmann LSL lite NA,10,70,24.20,70,24.20,0.25,0.12,0.18
2,Lohmann tierzucht,Lohmann LSL lite NA,17,119,35.95,120,36.26,0.38,0.17,0.27
3,Lohmann tierzucht,Lohmann LSL lite NA,23,161,43.65,185,50.16,0.46,0.21,0.33
4,Lohmann tierzucht,Lohmann LSL lite NA,28,196,49.05,255,63.81,0.49,0.22,0.34
5,Lohmann tierzucht,Lohmann LSL lite NA,33,231,54.04,334,78.13,0.54,0.24,0.38
6,Lohmann tierzucht,Lohmann LSL lite NA,37,259,57.04,425,93.60,0.57,0.26,0.40
7,Lohmann tierzucht,Lohmann LSL lite NA,41,287,59.99,524,109.52,0.60,0.27,0.42
8,Lohmann tierzucht,Lohmann LSL lite NA,44,308,61.48,630,125.75,0.61,0.28,0.43
9,Lohmann tierzucht,Lohmann LSL lite NA,47,329,63.25,732,140.73,0.57,0.23,0.37
10,Lohmann tierzucht,Lohmann LSL lite NA,50,350,65.41,820,153.24,0.59,0.24,0.38
11,Lohmann tierzucht,Lohmann LSL lite NA,53,371,67.94,889,162.81,0.61,0.25,0.39
12,Lohmann tierzucht,Lohmann LSL lite NA,56,392,70.52,955,171.79,0.63,0.26,0.41
13,Lohmann tierzucht,Lohmann LSL lite NA,59,413,73.10,1019,180.36,0.66,0.27,0.42
14,Lohmann tierzucht,Lohmann LSL lite NA,62,434,75.69,1081,188.53,0.68,0.28,0.44
15,Lohmann tierzucht,Lohmann LSL lite NA,65,455,78.30,1140,196.19,0.70,0.29,0.45
16,Lohmann tierzucht,Lohmann LSL lite NA,69,483,82.13,1196,203.38,0.74,0.30,0.48
17,Lohmann tierzucht,Lohmann LSL lite NA,72,504,84.76,1250,210.22,2.12,0.38,0.55
18,Lohmann tierzucht,Lohmann LSL lite NA,76,532,88.60,1300,216.50,2.21,0.40,0.58
19,Lohmann tierzucht,Lohmann LSL lite NA,80,560,92.40,1349,222.59,2.31,0.42,0.60
20,Lohmann tierzucht,Lohmann LSL lite NA,85,595,98.18,1349,222.59,2.45,0.44,0.64
21,Lohmann tierzucht,Lohmann LSL lite NA,100,700,114.48,1398,228.63,2.86,0.52,0.74
22,Lohmann tierzucht,Lohmann LSL lite NA,106,742,120.35,1445,234.37,3.01,0.54,0.78
23,Lohmann tierzucht,Lohmann LSL lite NA,110,770,123.96,1489,239.70,3.10,0.56,0.81
24,Lohmann tierzucht,Lohmann LSL lite NA,113,791,126.50,1529,244.52,3.16,0.57,0.82
25,Lohmann tierzucht,Lohmann LSL lite NA,114,798,126.85,1566,248.94,3.17,0.57,0.82
26,Lohmann tierzucht,Lohmann LSL lite NA,114,798,125.63,1628,256.30,3.14,0.57,0.82
27,Lohmann tierzucht,Lohmann LSL lite NA,114,798,125.42,1639,257.59,3.14,0.56,0.82
28,Lohmann tierzucht,Lohmann LSL lite NA,114,798,125.30,1645,258.30,3.13,0.56,0.81
29,Lohmann tierzucht,Lohmann LSL lite NA,114,798,125.23,1649,258.77,3.13,0.56,0.81
30,Lohmann tierzucht,Lohmann LSL lite NA,114,798,125.19,1651,259.01,3.13,0.56,0.81
31,Lohmann tierzucht,Lohmann LSL lite NA,114,798,125.15,1653,259.24,3.13,0.56,0.81
32,Lohmann tierzucht,Lohmann LSL lite NA,115,805,126.21,1655,259.48,3.16,0.57,0.82
33,Lohmann tierzucht,Lohmann LSL lite NA,115,805,126.17,1657,259.71,3.15,0.57,0.82
34,Lohmann tierzucht,Lohmann LSL lite NA,115,805,126.15,1658,259.83,3.15,0.57,0.82
35,Lohmann tierzucht,Lohmann LSL lite NA,115,805,126.12,1660,260.06,3.15,0.57,0.82
1,Lohmann tierzucht,Lohmann LSL ultra lite,10,70,24.65,65,22.89,0.26,0.12,0.18
2,Lohmann tierzucht,Lohmann LSL ultra lite,17,119,35.95,120,36.26,0.38,0.17,0.27
3,Lohmann tierzucht,Lohmann LSL ultra lite,23,161,44.27,175,48.11,0.46,0.21,0.33
4,Lohmann tierzucht,Lohmann LSL ultra lite,29,203,51.31,245,61.93,0.51,0.23,0.36
5,Lohmann tierzucht,Lohmann LSL ultra lite,33,231,54.41,325,76.54,0.54,0.24,0.38
6,Lohmann tierzucht,Lohmann LSL ultra lite,37,259,57.91,400,89.44,0.58,0.26,0.41
7,Lohmann tierzucht,Lohmann LSL ultra lite,41,287,60.69,500,105.74,0.61,0.27,0.42
8,Lohmann tierzucht,Lohmann LSL ultra lite,45,315,63.78,595,120.47,0.64,0.29,0.45
9,Lohmann tierzucht,Lohmann LSL ultra lite,48,336,65.68,685,133.90,0.59,0.24,0.38
10,Lohmann tierzucht,Lohmann LSL ultra lite,51,357,67.88,765,145.46,0.61,0.25,0.39
11,Lohmann tierzucht,Lohmann LSL ultra lite,54,378,70.21,840,156.03,0.63,0.26,0.41
12,Lohmann tierzucht,Lohmann LSL ultra lite,57,399,72.65,910,165.68,0.65,0.27,0.42
13,Lohmann tierzucht,Lohmann LSL ultra lite,61,427,76.41,975,174.48,0.69,0.28,0.44
14,Lohmann tierzucht,Lohmann LSL ultra lite,64,448,78.98,1035,182.48,0.71,0.29,0.46
15,Lohmann tierzucht,Lohmann LSL ultra lite,67,469,81.62,1090,189.70,0.73,0.30,0.47
16,Lohmann tierzucht,Lohmann LSL ultra lite,71,497,85.48,1143,196.58,0.77,0.32,0.50
17,Lohmann tierzucht,Lohmann LSL ultra lite,75,525,89.14,1203,204.27,0.80,0.33,0.52
18,Lohmann tierzucht,Lohmann LSL ultra lite,79,553,92.58,1273,213.12,1.85,0.42,0.60
19,Lohmann tierzucht,Lohmann LSL ultra lite,83,581,96.06,1338,221.23,1.92,0.43,0.62
20,Lohmann tierzucht,Lohmann LSL ultra lite,100,700,114.58,1393,228.01,2.29,0.52,0.74
21,Lohmann tierzucht,Lohmann LSL ultra lite,106,742,120.49,1438,233.52,2.41,0.54,0.78
22,Lohmann tierzucht,Lohmann LSL ultra lite,110,770,124.19,1478,238.37,2.48,0.56,0.81
23,Lohmann tierzucht,Lohmann LSL ultra lite,113,791,126.83,1513,242.59,2.54,0.57,0.82
24,Lohmann tierzucht,Lohmann LSL ultra lite,114,798,127.43,1538,245.59,2.55,0.57,0.83
25,Lohmann tierzucht,Lohmann LSL ultra lite,114,798,127.02,1558,247.99,2.54,0.57,0.83
26,Lohmann tierzucht,Lohmann LSL ultra lite,114,798,126.71,1573,249.77,2.53,0.57,4.55
27,Lohmann tierzucht,Lohmann LSL ultra lite,114,798,126.51,1583,250.96,2.53,0.57,4.55
28,Lohmann tierzucht,Lohmann LSL ultra lite,114,798,126.39,1589,251.68,2.53,0.57,4.55
29,Lohmann tierzucht,Lohmann LSL ultra lite,114,798,126.35,1591,251.91,2.53,0.57,4.55
30,Lohmann tierzucht,Lohmann LSL ultra lite,114,798,126.31,1593,252.15,2.53,0.57,4.55
31,Lohmann tierzucht,Lohmann LSL ultra lite,115,805,127.38,1595,252.39,2.55,0.57,4.55
32,Lohmann tierzucht,Lohmann LSL ultra lite,115,805,127.34,1597,252.63,2.55,0.57,4.55
33,Lohmann tierzucht,Lohmann LSL ultra lite,115,805,127.26,1601,253.10,2.55,0.57,4.55
34,Lohmann tierzucht,Lohmann LSL ultra lite,115,805,127.22,1603,253.34,2.54,0.57,4.55
35,Lohmann tierzucht,Lohmann LSL ultra lite,105,735,116.14,1604,253.46,2.32,0.52,4.55
1,Lohmann tierzucht,Lohmann tradition,10,70,23.71,76,25.74,0.25,0.11,0.18
2,Lohmann tierzucht,Lohmann tradition,17,119,35.11,132,38.94,0.37,0.17,0.26
3,Lohmann tierzucht,Lohmann tradition,22,154,41.05,198,52.78,0.43,0.20,0.31
4,Lohmann tierzucht,Lohmann tradition,28,196,47.91,280,68.45,0.48,0.22,0.34
5,Lohmann tierzucht,Lohmann tradition,35,245,55.75,373,84.88,0.56,0.25,0.39
6,Lohmann tierzucht,Lohmann tradition,41,287,61.22,483,103.03,0.61,0.28,0.43
7,Lohmann tierzucht,Lohmann tradition,48,336,68.09,593,120.17,0.68,0.31,0.48
8,Lohmann tierzucht,Lohmann tradition,52,364,70.84,697,135.65,0.71,0.32,0.50
9,Lohmann tierzucht,Lohmann tradition,56,392,73.80,796,149.86,0.66,0.27,0.43
10,Lohmann tierzucht,Lohmann tradition,59,413,75.61,890,162.95,0.68,0.28,0.44
11,Lohmann tierzucht,Lohmann tradition,61,427,76.36,978,174.89,0.69,0.28,0.44
12,Lohmann tierzucht,Lohmann tradition,64,448,78.48,1062,186.03,0.71,0.29,0.46
13,Lohmann tierzucht,Lohmann tradition,66,462,79.46,1143,196.58,0.72,0.29,0.46
14,Lohmann tierzucht,Lohmann tradition,68,476,80.56,1219,206.30,0.73,0.30,0.47
15,Lohmann tierzucht,Lohmann tradition,69,483,80.64,1287,214.87,0.73,0.30,0.47
16,Lohmann tierzucht,Lohmann tradition,72,504,83.09,1354,223.21,0.75,0.31,0.48
17,Lohmann tierzucht,Lohmann tradition,74,518,84.29,1426,232.05,1.69,0.38,0.55
18,Lohmann tierzucht,Lohmann tradition,77,539,86.58,1502,241.27,1.73,0.39,0.56
19,Lohmann tierzucht,Lohmann tradition,83,581,92.11,1583,250.96,1.84,0.41,0.60
20,Lohmann tierzucht,Lohmann tradition,96,672,105.12,1670,261.24,2.10,0.47,0.68
21,Lohmann tierzucht,Lohmann tradition,100,700,108.35,1742,269.64,2.17,0.49,0.70
22,Lohmann tierzucht,Lohmann tradition,106,742,113.56,1823,278.99,2.27,0.51,0.74
23,Lohmann tierzucht,Lohmann tradition,110,770,117.12,1868,284.14,2.34,0.53,0.76
24,Lohmann tierzucht,Lohmann tradition,113,791,119.71,1906,288.46,2.39,0.54,0.78
25,Lohmann tierzucht,Lohmann tradition,114,798,120.52,1922,290.28,2.41,0.54,0.78
26,Lohmann tierzucht,Lohmann tradition,114,798,120.32,1935,291.75,2.41,0.54,0.78
27,Lohmann tierzucht,Lohmann tradition,114,798,120.24,1940,292.32,2.40,0.54,0.78
28,Lohmann tierzucht,Lohmann tradition,114,798,121.74,1846,281.63,2.43,0.55,0.79
29,Lohmann tierzucht,Lohmann tradition,114,798,120.07,1951,293.56,2.40,0.54,0.78
30,Lohmann tierzucht,Lohmann tradition,114,798,120.01,1955,294.01,2.40,0.54,0.78
31,Lohmann tierzucht,Lohmann tradition,114,798,119.96,1958,294.35,2.40,0.54,0.78
32,Lohmann tierzucht,Lohmann tradition,115,805,120.97,1961,294.69,2.42,0.54,0.79
33,Lohmann tierzucht,Lohmann tradition,115,805,120.92,1964,295.02,2.42,0.54,0.79
34,Lohmann tierzucht,Lohmann tradition,115,805,120.88,1967,295.36,2.42,0.54,0.79
35,Lohmann tierzucht,Lohmann tradition,115,805,120.83,1970,295.70,2.42,0.54,0.79
